Player Name,Season,Proximity to Hole (ARG) - (AVG DTP) (IN)
Robert Garrigus,2010,103
Bubba Watson,2010,97
Dustin Johnson,2010,94
Brett Wetterich,2010,97
J.B. Holmes,2010,84
John Daly,2010,95
Graham DeLaet,2010,89
Angel Cabrera,2010,91
Charles Warren,2010,96
D.J. Trahan,2010,91
Martin Flores,2010,95
Rory McIlroy,2010,86
Phil Mickelson,2010,80
Aaron Baddeley,2010,86
Jason Day,2010,83
Charley Hoffman,2010,84
Davis Love III,2010,89
Jeff Overton,2010,89
Scott Piercy,2010,96
Martin Laird,2010,89
Nick Watney,2010,87
Troy Matteson,2010,96
Jarrod Lyle,2010,87
Andres Romero,2010,91
Daniel Chopra,2010,93
Ryan Palmer,2010,94
Lucas Glover,2010,89
Alex Prugh,2010,96
Garth Mulroy,2010,98
John Rollins,2010,92
Marc Leishman,2010,79
Cameron Tringale,2010,87
Adam Scott,2010,85
Charles Howell III,2010,79
Paul Casey,2010,92
Matt Bettencourt,2010,87
Derek Lamely,2010,92
Cameron Percy,2010,87
James Driscoll,2010,100
George McNeill,2010,93
Bill Haas,2010,88
Matt Jones,2010,85
Josh Teater,2010,90
Jimmy Walker,2010,91
J.J. Henry,2010,94
Rickie Fowler,2010,87
Sergio Garcia,2010,83
Stewart Cink,2010,87
Chris Couch,2010,98
Vijay Singh,2010,84
Padraig Harrington,2010,79
Roger Tambellini,2010,98
Bo Van Pelt,2010,83
David Lutterus,2010,85
Boo Weekley,2010,93
Hunter Mahan,2010,99
Tim Herron,2010,89
Chris Wilson,2010,97
Retief Goosen,2010,78
John Merrick,2010,92
Greg Owen,2010,86
Blake Adams,2010,90
Jonathan Byrd,2010,75
Matt Every,2010,95
Will MacKenzie,2010,88
Ted Purdy,2010,96
Steve Marino,2010,100
Kenny Perry,2010,96
Paul Stankowski,2010,103
Kevin Streelman,2010,93
John Senden,2010,91
Kevin Stadler,2010,92
Andrew McLardy,2010,91
Michael Letzig,2010,88
Ryan Moore,2010,88
Camilo Villegas,2010,82
Mathew Goggin,2010,97
Sean O'Hair,2010,90
Steve Elkington,2010,87
Nicholas Thompson,2010,94
Robert Allenby,2010,99
Rory Sabbatini,2010,83
Stuart Appleby,2010,86
Bill Lunde,2010,85
Tom Gillis,2010,84
Jeff Gove,2010,91
Scott McCarron,2010,91
Y.E. Yang,2010,88
Ernie Els,2010,86
Brenden Pappas,2010,96
Troy Merritt,2010,95
Henrik Bjornstad,2010,102
Chris Tidland,2010,95
Roland Thatcher,2010,96
Kevin Sutherland,2010,88
Justin Rose,2010,73
Lee Janzen,2010,85
Rich Barcelo,2010,86
Jeev Milkha Singh,2010,79
Chris Stroud,2010,87
Pat Perez,2010,79
Steve Wheatcroft,2010,96
Geoff Ogilvy,2010,86
Brendon de Jonge,2010,90
David Duval,2010,93
Matt Kuchar,2010,83
Brian Stuard,2010,96
Ian Poulter,2010,83
Kris Blanks,2010,93
Trevor Immelman,2010,91
Steve Lowery,2010,110
James Nitties,2010,89
Joe Ogilvie,2010,99
Cameron Beckman,2010,92
Joe Durant,2010,97
Ricky Barnes,2010,83
Webb Simpson,2010,84
Chad Campbell,2010,88
Jay Williamson,2010,92
Aron Price,2010,87
Vaughn Taylor,2010,96
Vance Veazey,2010,96
Billy Mayfair,2010,89
Bob Estes,2010,87
Rod Pampling,2010,84
Michael Sim,2010,81
Cliff Kresge,2010,81
Shaun Micheel,2010,79
Brett Quigley,2010,89
K.J. Choi,2010,78
Freddie Jacobson,2010,80
D.A. Points,2010,94
Steve Stricker,2010,76
Johnson Wagner,2010,85
Ben Crane,2010,87
Carl Pettersson,2010,83
Stephen Ames,2010,86
Briny Baird,2010,83
Jason Dufner,2010,90
Justin Bolli,2010,96
Dean Wilson,2010,82
Michael Bradley,2010,86
Michael Connell,2010,84
David Toms,2010,79
Charlie Wi,2010,80
Woody Austin,2010,85
Mark Calcavecchia,2010,98
J.P. Hayes,2010,85
Spencer Levin,2010,85
Mark Wilson,2010,84
John Mallinger,2010,81
Garrett Willis,2010,90
Tom Pernice Jr.,2010,79
Jason Bohn,2010,89
Zach Johnson,2010,89
Nathan Green,2010,85
Skip Kendall,2010,95
Jeff Maggert,2010,92
Chris DiMarco,2010,82
Jerry Kelly,2010,82
Jerod Turner,2010,92
Brian Davis,2010,81
Heath Slocum,2010,82
Ryuji Imada,2010,82
Tim Petrovic,2010,87
Kevin Na,2010,78
Scott Verplank,2010,84
Chris Riley,2010,77
Rocco Mediate,2010,91
Bryce Molder,2010,83
Justin Leonard,2010,88
Alex Cejka,2010,79
Steve Flesch,2010,89
Richard Johnson,2010,89
Brandt Snedeker,2010,77
Luke Donald,2010,75
Kevin Johnson,2010,93
Jim Furyk,2010,74
Chad Collins,2010,82
Brent Delahoussaye,2010,99
Greg Chalmers,2010,85
Ben Curtis,2010,84
Mike Weir,2010,68
Paul Goydos,2010,89
Jeff Quinney,2010,89
Greg Kraft,2010,104
Tim Clark,2010,80
Omar Uresti,2010,76
Brad Faxon,2010,101
Craig Bowden,2010,87
Brian Gay,2010,79
J.B. Holmes,2011,101
Bubba Watson,2011,92
Dustin Johnson,2011,95
Robert Garrigus,2011,99
Gary Woodland,2011,90
Steven Bowditch,2011,91
Scott Piercy,2011,97
Jhonattan Vegas,2011,98
Kyle Stanley,2011,86
Will Strickler,2011,97
Scott Stallings,2011,98
Tag Ridings,2011,93
Martin Laird,2011,91
Jason Day,2011,82
Josh Teater,2011,93
Nick Watney,2011,90
Harrison Frazar,2011,86
Jim Herman,2011,95
Angel Cabrera,2011,100
Keegan Bradley,2011,98
Troy Matteson,2011,96
Charley Hoffman,2011,85
Phil Mickelson,2011,80
Adam Scott,2011,94
Rickie Fowler,2011,88
Zack Miller,2011,93
Ryan Palmer,2011,83
Sergio Garcia,2011,82
Robert Karlsson,2011,86
Jimmy Walker,2011,90
Alex Prugh,2011,105
D.J. Trahan,2011,87
James Driscoll,2011,89
Brandt Jobe,2011,91
Davis Love III,2011,87
Scott Gutschewski,2011,90
Derek Lamely,2011,95
Bobby Gates,2011,98
Bo Van Pelt,2011,85
Charles Howell III,2011,86
John Merrick,2011,93
Michael Putnam,2011,98
Charl Schwartzel,2011,90
Chris Couch,2011,88
Jim Renner,2011,87
Tommy Gainey,2011,102
John Rollins,2011,92
Bill Haas,2011,94
Boo Weekley,2011,100
David Duval,2011,88
Aaron Baddeley,2011,83
Webb Simpson,2011,82
Bio Kim,2011,86
Marc Leishman,2011,87
Kevin Chappell,2011,88
Chris Kirk,2011,84
Joseph Bramlett,2011,89
Jeff Overton,2011,95
Steve Marino,2011,93
George McNeill,2011,87
Padraig Harrington,2011,76
Andres Romero,2011,89
Lucas Glover,2011,88
Sean O'Hair,2011,89
Camilo Villegas,2011,84
Vijay Singh,2011,78
Cameron Tringale,2011,93
Sung Kang,2011,101
Anthony Kim,2011,88
Matt Jones,2011,88
Chez Reavie,2011,99
Ricky Barnes,2011,80
John Senden,2011,100
Kevin Stadler,2011,94
Andres Gonzales,2011,94
Roland Thatcher,2011,95
Brendan Steele,2011,92
Rory Sabbatini,2011,79
Martin Piller,2011,109
Blake Adams,2011,91
Stewart Cink,2011,85
Tim Herron,2011,90
Carl Pettersson,2011,84
Jonathan Byrd,2011,78
Hunter Mahan,2011,88
Scott McCarron,2011,95
Joe Ogilvie,2011,88
Rod Pampling,2011,87
Bill Lunde,2011,88
Pat Perez,2011,82
Chris Stroud,2011,88
Chad Campbell,2011,83
J.J. Henry,2011,98
Billy Horschel,2011,104
Michael Thompson,2011,85
David Hearn,2011,96
Alexandre Rocha,2011,98
Michael Bradley,2011,92
Justin Rose,2011,86
Robert Allenby,2011,94
D.J. Brigman,2011,90
Y.E. Yang,2011,83
Tom Gillis,2011,88
Lee Janzen,2011,88
Ryan Moore,2011,88
Geoff Ogilvy,2011,81
Retief Goosen,2011,85
William McGirt,2011,90
Ben Martin,2011,104
Graeme McDowell,2011,91
Kevin Streelman,2011,90
Briny Baird,2011,91
Steve Stricker,2011,76
Hunter Haas,2011,91
Trevor Immelman,2011,82
Matt Bettencourt,2011,97
Ernie Els,2011,86
Brendon de Jonge,2011,84
Woody Austin,2011,80
Stuart Appleby,2011,82
Freddie Jacobson,2011,80
D.A. Points,2011,83
Brandt Snedeker,2011,90
Jason Dufner,2011,81
Troy Merritt,2011,88
Spencer Levin,2011,86
Matt Kuchar,2011,81
Rich Beem,2011,93
Jarrod Lyle,2011,89
Shaun Micheel,2011,83
Justin Hicks,2011,100
Charlie Wi,2011,90
K.J. Choi,2011,87
Steve Elkington,2011,84
Matt McQuillan,2011,87
Nathan Green,2011,86
Kent Jones,2011,103
Kris Blanks,2011,87
Jason Bohn,2011,89
Ben Crane,2011,95
Daniel Summerhays,2011,90
Arjun Atwal,2011,92
Mark Wilson,2011,81
Cameron Beckman,2011,95
Kevin Kisner,2011,89
Luke Donald,2011,80
Vaughn Taylor,2011,86
Paul Stankowski,2011,83
Stephen Ames,2011,82
Joe Durant,2011,90
Ryuji Imada,2011,84
Brian Davis,2011,87
Billy Mayfair,2011,83
Ian Poulter,2011,78
Marc Turnesa,2011,104
J.P. Hayes,2011,87
Aron Price,2011,91
Steve Flesch,2011,82
Johnson Wagner,2011,94
David Mathis,2011,87
Bryce Molder,2011,80
Heath Slocum,2011,84
Jim Furyk,2011,81
Nate Smith,2011,82
Tim Petrovic,2011,80
Alex Cejka,2011,77
Shane Bertsch,2011,88
Justin Leonard,2011,78
Kevin Na,2011,77
Garrett Willis,2011,97
Greg Chalmers,2011,85
Michael Connell,2011,86
Chris Riley,2011,78
David Toms,2011,83
Colt Knost,2011,90
Zach Johnson,2011,83
Chris DiMarco,2011,83
Dean Wilson,2011,86
Ben Curtis,2011,87
Richard Johnson,2011,95
Nick O'Hern,2011,85
Jerry Kelly,2011,85
Rocco Mediate,2011,86
Paul Goydos,2011,87
Brian Gay,2011,72
Bubba Watson,2012,92
Charlie Beljan,2012,104
Robert Garrigus,2012,98
Dustin Johnson,2012,84
Rory McIlroy,2012,82
J.B. Holmes,2012,88
Jason Day,2012,84
Kyle Stanley,2012,88
John Daly,2012,94
Adam Scott,2012,87
Jhonattan Vegas,2012,97
Scott Piercy,2012,87
Graham DeLaet,2012,92
Jason Kokrak,2012,94
Ryan Palmer,2012,93
Keegan Bradley,2012,92
Scott Stallings,2012,91
Gary Woodland,2012,101
Seung-Yul Noh,2012,87
Harris English,2012,96
Bobby Gates,2012,96
Angel Cabrera,2012,91
Troy Kelly,2012,92
Louis Oosthuizen,2012,97
Brandt Jobe,2012,91
Troy Matteson,2012,91
Josh Teater,2012,86
Martin Laird,2012,101
Lee Westwood,2012,98
Harrison Frazar,2012,90
Sean O'Hair,2012,95
Tiger Woods,2012,88
Erik Compton,2012,94
Tommy Gainey,2012,95
Carl Pettersson,2012,86
Nick Watney,2012,93
Boo Weekley,2012,91
Jimmy Walker,2012,90
Davis Love III,2012,83
Bo Van Pelt,2012,88
Greg Owen,2012,93
Charl Schwartzel,2012,79
Mark Anderson,2012,92
Daniel Chopra,2012,95
Edward Loar,2012,101
Charley Hoffman,2012,95
John Rollins,2012,90
Vijay Singh,2012,90
Martin Flores,2012,90
Robert Karlsson,2012,87
Ernie Els,2012,87
Charles Howell III,2012,84
Phil Mickelson,2012,83
Chris Couch,2012,89
Matt Jones,2012,93
Garth Mulroy,2012,95
Padraig Harrington,2012,78
Kevin Chappell,2012,87
John Merrick,2012,98
Rickie Fowler,2012,86
Hunter Mahan,2012,103
Kevin Stadler,2012,99
Kevin Streelman,2012,89
Jason Dufner,2012,76
Sergio Garcia,2012,86
Bill Haas,2012,88
D.J. Trahan,2012,92
Aaron Baddeley,2012,84
Ricky Barnes,2012,87
Jeff Overton,2012,88
Andres Romero,2012,92
Danny Lee,2012,85
Chris Kirk,2012,89
Bud Cauley,2012,80
Stephen Gangluff,2012,93
Pat Perez,2012,81
Scott Brown,2012,94
James Driscoll,2012,95
John Senden,2012,96
Trevor Immelman,2012,84
Justin Rose,2012,78
Mathew Goggin,2012,92
Roberto Castro,2012,84
Bill Lunde,2012,83
Will Claxton,2012,98
Cameron Tringale,2012,88
Brian Harman,2012,83
Camilo Villegas,2012,88
Billy Horschel,2012,88
Chad Campbell,2012,94
Geoff Ogilvy,2012,87
Ryo Ishikawa,2012,93
Kyle Reifers,2012,99
J.J. Killeen,2012,80
Sangmoon Bae,2012,100
Jonathan Byrd,2012,85
Miguel Angel Carballo,2012,93
Henrik Stenson,2012,94
Tim Herron,2012,84
Marc Leishman,2012,85
Daniel Summerhays,2012,92
Derek Lamely,2012,103
Tom Gillis,2012,86
Roland Thatcher,2012,100
Stewart Cink,2012,96
Brendon de Jonge,2012,91
George McNeill,2012,91
Rod Pampling,2012,92
Brendan Steele,2012,99
Brandt Snedeker,2012,77
Webb Simpson,2012,80
Blake Adams,2012,104
John Huh,2012,89
Matt Bettencourt,2012,90
J.J. Henry,2012,91
Kevin Kisner,2012,87
Hunter Haas,2012,83
Ryan Moore,2012,96
Freddie Jacobson,2012,80
Rory Sabbatini,2012,83
Steve Wheatcroft,2012,102
Ben Crane,2012,89
Billy Mayfair,2012,93
Robert Allenby,2012,96
David Hearn,2012,88
Chris Stroud,2012,80
Jonas Blixt,2012,80
Matt Kuchar,2012,81
Vaughn Taylor,2012,86
Marco Dawson,2012,88
Dicky Pride,2012,95
Russell Knox,2012,80
Sung Kang,2012,89
Richard Lee,2012,97
Charlie Wi,2012,82
Matt Every,2012,85
Graeme McDowell,2012,88
Tommy Biershenk,2012,89
William McGirt,2012,92
Steve Stricker,2012,83
Jeff Maggert,2012,99
Cameron Beckman,2012,92
Bob Estes,2012,83
Arjun Atwal,2012,86
Ian Poulter,2012,92
Y.E. Yang,2012,94
Alexandre Rocha,2012,102
Kris Blanks,2012,89
Michael Bradley,2012,96
"Ted Potter, Jr.",2012,89
Kyle Thompson,2012,97
D.A. Points,2012,93
Johnson Wagner,2012,101
Nathan Green,2012,97
Stephen Ames,2012,83
Spencer Levin,2012,90
Brendon Todd,2012,94
Michael Thompson,2012,92
Stuart Appleby,2012,85
Ken Duke,2012,90
Chez Reavie,2012,90
K.J. Choi,2012,87
Greg Chalmers,2012,81
Gary Christian,2012,90
Kevin Na,2012,84
Scott Dunlap,2012,102
John Mallinger,2012,86
Zach Johnson,2012,86
Rocco Mediate,2012,87
Luke Donald,2012,83
Jim Furyk,2012,78
Justin Leonard,2012,82
Patrick Sheehan,2012,94
Jason Bohn,2012,90
Heath Slocum,2012,96
David Mathis,2012,88
Brian Gay,2012,82
Bryce Molder,2012,89
Brian Davis,2012,83
Tim Clark,2012,89
Ryuji Imada,2012,87
Jerry Kelly,2012,83
Mark Wilson,2012,88
David Toms,2012,82
Billy Hurley III,2012,86
Ben Curtis,2012,91
Tom Pernice Jr.,2012,85
Chris DiMarco,2012,86
Colt Knost,2012,90
Gavin Coles,2012,87
Nick O'Hern,2012,80
Luke List,2013,93
Dustin Johnson,2013,89
Nicolas Colsaerts,2013,91
Gary Woodland,2013,93
Bubba Watson,2013,88
Jason Kokrak,2013,89
Robert Garrigus,2013,100
Rory McIlroy,2013,85
Eric Meierdierks,2013,97
Ryan Palmer,2013,87
Keegan Bradley,2013,85
Martin Flores,2013,80
Steven Bowditch,2013,79
Sean O'Hair,2013,93
Tag Ridings,2013,87
Jason Day,2013,78
Jim Herman,2013,92
Seung-Yul Noh,2013,83
Graham DeLaet,2013,88
Jimmy Walker,2013,86
Scott Piercy,2013,84
Kyle Stanley,2013,94
Adam Scott,2013,84
Robert Streb,2013,92
Shawn Stefani,2013,84
Brad Fritsch,2013,82
Justin Rose,2013,79
Bobby Gates,2013,98
Charl Schwartzel,2013,86
Scott Stallings,2013,91
John Rollins,2013,89
Charlie Beljan,2013,94
Morgan Hoffmann,2013,80
Peter Hanson,2013,79
Harris English,2013,89
Henrik Norlander,2013,94
Charles Howell III,2013,78
Steve LeBrun,2013,92
Troy Matteson,2013,84
Angel Cabrera,2013,97
Charley Hoffman,2013,91
Billy Horschel,2013,92
Lucas Glover,2013,86
Josh Teater,2013,79
Cameron Percy,2013,88
Martin Laird,2013,94
D.J. Trahan,2013,82
James Hahn,2013,80
Tiger Woods,2013,81
Andres Romero,2013,92
Rory Sabbatini,2013,85
Kevin Chappell,2013,83
Greg Owen,2013,84
Erik Compton,2013,88
Jeff Overton,2013,89
Matt Jones,2013,81
Brandt Jobe,2013,90
Patrick Reed,2013,83
Camilo Villegas,2013,76
Nicholas Thompson,2013,93
Derek Ernst,2013,103
Ryo Ishikawa,2013,90
Nick Watney,2013,93
Tommy Gainey,2013,92
Sergio Garcia,2013,80
Henrik Stenson,2013,85
Boo Weekley,2013,87
Brendan Steele,2013,87
Lee Westwood,2013,84
Carl Pettersson,2013,80
Pat Perez,2013,88
Andrew Svoboda,2013,94
Stewart Cink,2013,85
Hunter Mahan,2013,93
Kevin Stadler,2013,82
Vaughn Taylor,2013,89
Ernie Els,2013,83
Scott Brown,2013,79
Ricky Barnes,2013,87
Jordan Spieth,2013,81
John Senden,2013,88
Russell Henley,2013,93
Chris Kirk,2013,80
Chad Campbell,2013,88
Aaron Baddeley,2013,85
Scott Gardiner,2013,96
Martin Kaymer,2013,90
Padraig Harrington,2013,83
Bill Haas,2013,86
Matt Every,2013,86
Vijay Singh,2013,83
Phil Mickelson,2013,79
Bud Cauley,2013,84
Brian Harman,2013,84
Kevin Streelman,2013,82
Freddie Jacobson,2013,78
Robert Karlsson,2013,74
Cameron Tringale,2013,82
James Driscoll,2013,86
Y.E. Yang,2013,81
Marc Leishman,2013,85
Rickie Fowler,2013,80
Brendon de Jonge,2013,86
Tom Gillis,2013,80
George McNeill,2013,93
Jason Dufner,2013,82
Bo Van Pelt,2013,83
David Lingmerth,2013,87
Daniel Summerhays,2013,83
Webb Simpson,2013,81
Sangmoon Bae,2013,91
Michael Bradley,2013,87
Geoff Ogilvy,2013,83
Bob Estes,2013,69
Robert Allenby,2013,90
Will Claxton,2013,92
Matt Kuchar,2013,76
Stuart Appleby,2013,75
J.J. Henry,2013,102
Alistair Presnell,2013,85
John Merrick,2013,83
Jonas Blixt,2013,78
Tim Herron,2013,80
Trevor Immelman,2013,86
Steve Stricker,2013,73
Luke Guthrie,2013,81
Chez Reavie,2013,87
Rod Pampling,2013,83
Roberto Castro,2013,75
Ryan Moore,2013,88
Charlie Wi,2013,86
John Huh,2013,86
William McGirt,2013,83
Brian Stuard,2013,83
Ian Poulter,2013,75
Brandt Snedeker,2013,79
D.A. Points,2013,80
Ben Crane,2013,81
D.H. Lee,2013,78
Stephen Ames,2013,87
David Mathis,2013,90
Casey Wittenberg,2013,75
"Ted Potter, Jr.",2013,87
Doug LaBelle II,2013,91
Justin Hicks,2013,97
David Hearn,2013,84
Michael Thompson,2013,90
Justin Bolli,2013,93
Richard Lee,2013,88
Ben Kohles,2013,95
Scott Langley,2013,81
Brian Davis,2013,81
Zach Johnson,2013,78
Johnson Wagner,2013,96
K.J. Choi,2013,82
Luke Donald,2013,72
Mark Wilson,2013,80
David Lynn,2013,81
Jeff Maggert,2013,85
Graeme McDowell,2013,87
David Toms,2013,83
Aaron Watkins,2013,87
Chris Stroud,2013,77
Greg Chalmers,2013,85
Jason Bohn,2013,87
Justin Leonard,2013,73
Lee Williams,2013,73
Jim Furyk,2013,73
Ken Duke,2013,82
Brian Gay,2013,77
Darron Stiles,2013,75
Ben Curtis,2013,83
Dicky Pride,2013,84
Tim Clark,2013,78
Bryce Molder,2013,83
Jerry Kelly,2013,79
Jin Park,2013,81
Colt Knost,2013,82
Mike Weir,2013,74
Bubba Watson,2014,98
Dustin Johnson,2014,93
Rory McIlroy,2014,81
J.B. Holmes,2014,81
Andrew Loupe,2014,95
Brooks Koepka,2014,93
Robert Garrigus,2014,91
Jhonattan Vegas,2014,88
Charles Howell III,2014,84
Gary Woodland,2014,91
Charlie Beljan,2014,95
Angel Cabrera,2014,105
Adam Scott,2014,85
Graham DeLaet,2014,90
Jason Kokrak,2014,90
Jamie Lovemark,2014,90
Keegan Bradley,2014,85
Jason Day,2014,77
Jimmy Walker,2014,90
Lucas Glover,2014,89
Sean O'Hair,2014,89
Louis Oosthuizen,2014,95
Ryan Palmer,2014,91
Scott Stallings,2014,93
Robert Streb,2014,83
Harris English,2014,83
Charley Hoffman,2014,83
Brendan Steele,2014,85
Steven Bowditch,2014,83
Charl Schwartzel,2014,86
Shawn Stefani,2014,81
Marc Leishman,2014,90
Rickie Fowler,2014,83
Kyle Stanley,2014,95
Hudson Swafford,2014,110
Martin Laird,2014,88
Derek Ernst,2014,92
Troy Matteson,2014,91
Seung-Yul Noh,2014,86
Matt Jones,2014,87
Davis Love III,2014,89
Kevin Chappell,2014,80
Martin Flores,2014,86
Hunter Mahan,2014,93
Nick Watney,2014,84
Carl Pettersson,2014,93
Morgan Hoffmann,2014,87
Justin Rose,2014,74
Martin Kaymer,2014,93
Hideki Matsuyama,2014,84
Jim Herman,2014,95
Andres Romero,2014,92
Josh Teater,2014,90
Kevin Tway,2014,95
Brad Fritsch,2014,84
Sergio Garcia,2014,82
Rory Sabbatini,2014,90
Tommy Gainey,2014,103
Aaron Baddeley,2014,89
Stewart Cink,2014,89
Russell Henley,2014,96
Bud Cauley,2014,72
Henrik Stenson,2014,90
Paul Casey,2014,78
Michael Putnam,2014,87
Wes Roach,2014,91
Geoff Ogilvy,2014,88
Camilo Villegas,2014,84
Phil Mickelson,2014,80
Patrick Reed,2014,89
Lee Westwood,2014,87
Bill Haas,2014,85
Trevor Immelman,2014,88
Ben Martin,2014,87
Billy Horschel,2014,99
Kevin Stadler,2014,93
Bo Van Pelt,2014,89
Ernie Els,2014,83
Ryo Ishikawa,2014,81
Chris Kirk,2014,88
Ricky Barnes,2014,86
J.J. Henry,2014,101
Chesson Hadley,2014,97
Will MacKenzie,2014,91
John Rollins,2014,97
Tyrone Van Aswegen,2014,78
David Lingmerth,2014,91
Vijay Singh,2014,81
Jordan Spieth,2014,80
James Hahn,2014,92
Brice Garnett,2014,89
Michael Thompson,2014,93
Brian Harman,2014,82
John Senden,2014,90
Retief Goosen,2014,84
Kevin Streelman,2014,93
Sangmoon Bae,2014,87
Webb Simpson,2014,81
Boo Weekley,2014,88
Jim Renner,2014,89
Jonathan Byrd,2014,81
John Peterson,2014,95
Ian Poulter,2014,80
Brendon de Jonge,2014,89
Chad Campbell,2014,100
Kevin Kisner,2014,89
Luke Guthrie,2014,84
Jeff Overton,2014,90
Andrew Svoboda,2014,96
Scott Brown,2014,81
Johnson Wagner,2014,94
Nicholas Thompson,2014,93
Pat Perez,2014,89
Matt Every,2014,88
Jonas Blixt,2014,88
George McNeill,2014,87
Chris Stroud,2014,79
Russell Knox,2014,85
Brandt Snedeker,2014,82
Jason Dufner,2014,83
John Merrick,2014,91
Troy Merritt,2014,93
Justin Hicks,2014,100
Richard Lee,2014,89
Robert Allenby,2014,94
Bronson La'Cassie,2014,87
Ryan Moore,2014,87
Freddie Jacobson,2014,85
D.A. Points,2014,92
James Driscoll,2014,92
Danny Lee,2014,97
Roberto Castro,2014,78
John Huh,2014,86
Matt Kuchar,2014,78
Brian Stuard,2014,90
Erik Compton,2014,93
Cameron Tringale,2014,89
Tim Wilkinson,2014,82
Zach Johnson,2014,76
Daniel Summerhays,2014,94
Y.E. Yang,2014,88
Briny Baird,2014,82
Scott Langley,2014,85
Charlie Wi,2014,79
Greg Chalmers,2014,95
Kevin Na,2014,75
Brendon Todd,2014,84
Spencer Levin,2014,90
Jason Bohn,2014,91
K.J. Choi,2014,84
Mark Wilson,2014,92
Ben Curtis,2014,92
Jim Furyk,2014,71
David Hearn,2014,90
Ben Crane,2014,85
Bryce Molder,2014,81
Stuart Appleby,2014,80
Woody Austin,2014,84
William McGirt,2014,92
"Ted Potter, Jr.",2014,89
Brian Davis,2014,81
Luke Donald,2014,75
Graeme McDowell,2014,89
Heath Slocum,2014,86
Jerry Kelly,2014,83
Billy Hurley III,2014,85
Jeff Maggert,2014,92
D.H. Lee,2014,88
Ken Duke,2014,85
Chad Collins,2014,86
David Toms,2014,84
Tim Clark,2014,79
Brian Gay,2014,78
Mike Weir,2014,80
Justin Leonard,2014,75
Dustin Johnson,2015,97
Bubba Watson,2015,90
Jason Day,2015,86
Adam Scott,2015,88
J.B. Holmes,2015,82
Charlie Beljan,2015,92
Tony Finau,2015,91
Brooks Koepka,2015,95
Patrick Rodgers,2015,85
Keegan Bradley,2015,90
Jason Kokrak,2015,89
Gary Woodland,2015,94
Ryan Palmer,2015,86
Justin Rose,2015,83
Justin Thomas,2015,78
Brendan Steele,2015,91
Charles Howell III,2015,94
Daniel Berger,2015,90
Steven Bowditch,2015,80
Robert Garrigus,2015,88
Jimmy Walker,2015,90
Martin Laird,2015,88
Phil Mickelson,2015,83
Charl Schwartzel,2015,88
Sergio Garcia,2015,86
Lee Westwood,2015,96
Jhonattan Vegas,2015,89
Angel Cabrera,2015,104
Charley Hoffman,2015,95
Hudson Swafford,2015,99
Louis Oosthuizen,2015,82
Graham DeLaet,2015,93
Harris English,2015,91
Carlos Ortiz,2015,99
Paul Casey,2015,98
Russell Henley,2015,101
Robert Streb,2015,92
Lucas Glover,2015,91
Martin Flores,2015,91
Rickie Fowler,2015,82
Scott Piercy,2015,93
Henrik Stenson,2015,93
Shawn Stefani,2015,94
Morgan Hoffmann,2015,87
Matt Jones,2015,87
Sean O'Hair,2015,91
Andres Romero,2015,93
Alex Prugh,2015,102
Derek Ernst,2015,85
James Hahn,2015,87
Hunter Mahan,2015,97
Billy Horschel,2015,97
Jamie Donaldson,2015,88
Marc Leishman,2015,87
Davis Love III,2015,88
Andres Gonzales,2015,94
Hideki Matsuyama,2015,78
Max Homa,2015,90
Aaron Baddeley,2015,88
Nick Watney,2015,90
Jim Herman,2015,97
Greg Owen,2015,86
Geoff Ogilvy,2015,101
Stewart Cink,2015,95
Roger Sloan,2015,87
Kevin Chappell,2015,80
Sam Saunders,2015,93
Patrick Reed,2015,82
Seung-Yul Noh,2015,87
Retief Goosen,2015,87
J.J. Henry,2015,90
Nick Taylor,2015,87
Tom Hoge,2015,93
Camilo Villegas,2015,82
Boo Weekley,2015,83
Byron Smith,2015,89
Jordan Spieth,2015,74
Scott Stallings,2015,91
Ernie Els,2015,85
Carl Pettersson,2015,85
Bill Haas,2015,86
Chesson Hadley,2015,97
Johnson Wagner,2015,87
Vijay Singh,2015,82
Padraig Harrington,2015,78
Jason Gore,2015,99
Scott Pinckney,2015,105
John Senden,2015,96
Cameron Percy,2015,90
Rory Sabbatini,2015,79
Sangmoon Bae,2015,92
Oscar Fraustro,2015,101
David Lingmerth,2015,84
Kevin Streelman,2015,94
Bo Van Pelt,2015,88
Webb Simpson,2015,73
Michael Thompson,2015,92
Ryo Ishikawa,2015,86
Derek Fathauer,2015,88
Michael Putnam,2015,93
Blayne Barber,2015,90
Matt Kuchar,2015,80
Erik Compton,2015,82
Brandt Snedeker,2015,79
Steve Wheatcroft,2015,98
Scott Brown,2015,79
Adam Hadwin,2015,95
Ben Martin,2015,91
John Peterson,2015,94
Kyle Reifers,2015,87
Brian Harman,2015,86
Kevin Kisner,2015,83
Bill Lunde,2015,100
Jonas Blixt,2015,82
Jonathan Byrd,2015,79
Jonathan Randolph,2015,94
Brice Garnett,2015,97
Andrew Svoboda,2015,102
Jason Dufner,2015,79
Ian Poulter,2015,81
Matt Every,2015,88
Eric Axley,2015,94
Chez Reavie,2015,83
George McNeill,2015,87
Nicholas Thompson,2015,98
Chris Kirk,2015,81
Tyrone Van Aswegen,2015,86
Brendon de Jonge,2015,92
Chad Campbell,2015,87
Troy Merritt,2015,93
John Merrick,2015,85
Jeff Overton,2015,91
Pat Perez,2015,85
Russell Knox,2015,86
Daniel Summerhays,2015,91
Luke Guthrie,2015,82
Spencer Levin,2015,93
Sung Joon Park,2015,84
Ricky Barnes,2015,86
Alex Cejka,2015,85
Jim Renner,2015,86
Danny Lee,2015,84
Chris Stroud,2015,82
Robert Allenby,2015,87
Zach Johnson,2015,83
Ryan Moore,2015,86
Whee Kim,2015,87
Jim Furyk,2015,76
Cameron Tringale,2015,80
Francesco Molinari,2015,92
Greg Chalmers,2015,87
D.A. Points,2015,84
David Hearn,2015,87
Scott Langley,2015,78
William McGirt,2015,86
Kevin Na,2015,74
Roberto Castro,2015,78
John Huh,2015,93
Mark Wilson,2015,80
Tim Wilkinson,2015,76
Andrew Putnam,2015,84
Mark Hubbard,2015,88
Chad Collins,2015,78
Steven Alker,2015,74
Ken Duke,2015,94
Bryce Molder,2015,81
Jerry Kelly,2015,78
Jason Bohn,2015,86
Luke Donald,2015,80
Colt Knost,2015,85
K.J. Choi,2015,83
Brian Stuard,2015,88
Brendon Todd,2015,76
Heath Slocum,2015,81
Brian Davis,2015,87
Jon Curran,2015,87
Zac Blair,2015,83
Billy Hurley III,2015,83
Justin Leonard,2015,80
Ben Crane,2015,83
David Toms,2015,83
J.B. Holmes,2016,91
Dustin Johnson,2016,84
Tony Finau,2016,91
Bubba Watson,2016,94
Andrew Loupe,2016,96
Jason Kokrak,2016,88
Luke List,2016,75
Hudson Swafford,2016,100
Rory McIlroy,2016,83
Gary Woodland,2016,88
Jamie Lovemark,2016,84
Ryan Palmer,2016,88
Adam Scott,2016,85
Jhonattan Vegas,2016,97
Jason Day,2016,78
Justin Rose,2016,87
Charles Howell III,2016,82
Robert Garrigus,2016,88
Brooks Koepka,2016,91
Sean O'Hair,2016,89
Brendan Steele,2016,93
Harold Varner III,2016,92
Rickie Fowler,2016,81
Justin Thomas,2016,92
Jimmy Walker,2016,89
Patrick Rodgers,2016,91
Keegan Bradley,2016,84
Sergio Garcia,2016,98
Harris English,2016,84
Smylie Kaufman,2016,90
Carlos Ortiz,2016,102
Shane Lowry,2016,90
Martin Laird,2016,94
Daniel Berger,2016,87
Lucas Glover,2016,87
Charley Hoffman,2016,88
Graham DeLaet,2016,100
Scott Piercy,2016,91
Greg Owen,2016,93
Rhein Gibson,2016,98
Patrick Reed,2016,80
Stewart Cink,2016,97
Scott Pinckney,2016,102
Charl Schwartzel,2016,83
Chesson Hadley,2016,91
Kevin Chappell,2016,84
Nick Taylor,2016,90
Branden Grace,2016,82
Russell Henley,2016,94
Scott Stallings,2016,85
Jordan Spieth,2016,77
Seung-Yul Noh,2016,85
Brett Stegmaier,2016,95
Paul Casey,2016,86
Marc Leishman,2016,88
Matt Jones,2016,86
Hunter Mahan,2016,98
Phil Mickelson,2016,84
Andres Gonzales,2016,93
Andrew Landry,2016,89
Wes Roach,2016,88
Robert Streb,2016,88
Angel Cabrera,2016,101
Derek Ernst,2016,85
Hideki Matsuyama,2016,85
Morgan Hoffmann,2016,92
Emiliano Grillo,2016,99
Louis Oosthuizen,2016,88
Si Woo Kim,2016,79
Jason Dufner,2016,90
Bronson Burgoon,2016,91
Billy Horschel,2016,90
Ernie Els,2016,87
Brandt Snedeker,2016,81
Scott Brown,2016,93
Sung Kang,2016,86
Shawn Stefani,2016,81
Steve Marino,2016,100
Geoff Ogilvy,2016,90
Sam Saunders,2016,89
Aaron Baddeley,2016,83
Anirban Lahiri,2016,97
Boo Weekley,2016,87
Michael Thompson,2016,89
Patton Kizzire,2016,89
Jim Herman,2016,92
James Hahn,2016,91
Thomas Aiken,2016,95
Jonas Blixt,2016,97
Dawie van der Walt,2016,101
Adam Hadwin,2016,86
Kelly Kraft,2016,93
Vijay Singh,2016,85
Brian Harman,2016,85
John Senden,2016,96
Blayne Barber,2016,91
Bill Haas,2016,82
Padraig Harrington,2016,71
Tom Hoge,2016,86
Johnson Wagner,2016,94
Luke Guthrie,2016,83
Jason Gore,2016,91
Kevin Streelman,2016,89
Kevin Kisner,2016,94
Steven Bowditch,2016,88
Retief Goosen,2016,80
Hiroshi Iwata,2016,85
Ben Martin,2016,100
Derek Fathauer,2016,91
Henrik Norlander,2016,90
Kyle Stanley,2016,90
Daniel Summerhays,2016,98
Tyrone Van Aswegen,2016,82
Chad Campbell,2016,80
Rod Pampling,2016,84
Ricky Barnes,2016,84
Whee Kim,2016,93
William McGirt,2016,95
Rory Sabbatini,2016,94
Brendon de Jonge,2016,103
J.J. Henry,2016,95
Chez Reavie,2016,85
Kyle Reifers,2016,90
Troy Merritt,2016,86
Vaughn Taylor,2016,83
Camilo Villegas,2016,87
Francesco Molinari,2016,83
Danny Lee,2016,88
Martin Piller,2016,89
Webb Simpson,2016,81
Cameron Smith,2016,95
Chris Stroud,2016,92
Steve Wheatcroft,2016,83
Chris Kirk,2016,81
Russell Knox,2016,84
Matt Kuchar,2016,83
Scott Langley,2016,81
Will MacKenzie,2016,85
Tyler Aldridge,2016,87
Cameron Tringale,2016,95
Jeff Overton,2016,86
David Lingmerth,2016,86
Erik Compton,2016,84
John Huh,2016,81
George McNeill,2016,90
Michael Kim,2016,91
Roberto Castro,2016,87
Ryan Moore,2016,86
Luke Donald,2016,77
Stuart Appleby,2016,78
D.A. Points,2016,86
Robert Allenby,2016,98
Alex Cejka,2016,86
Graeme McDowell,2016,92
Spencer Levin,2016,88
David Hearn,2016,85
Rob Oppenheim,2016,84
Jim Furyk,2016,86
D.H. Lee,2016,88
Ben Crane,2016,86
Freddie Jacobson,2016,88
Ken Duke,2016,90
Mark Hubbard,2016,93
Bryce Molder,2016,79
Zach Johnson,2016,79
Brendon Todd,2016,84
Peter Malnati,2016,83
Kevin Na,2016,83
Chad Collins,2016,83
Tim Wilkinson,2016,82
Dicky Pride,2016,84
Jerry Kelly,2016,86
Steve Stricker,2016,76
Billy Hurley III,2016,78
Brian Stuard,2016,86
Abraham Ancer,2016,87
Jason Bohn,2016,86
Zac Blair,2016,83
K.J. Choi,2016,90
Mark Wilson,2016,85
Jon Curran,2016,79
Colt Knost,2016,87
David Toms,2016,82
Rory McIlroy,2017,75
Dustin Johnson,2017,89
Brandon Hagy,2017,89
Luke List,2017,87
Andrew Loupe,2017,99
Ryan Brehm,2017,93
Brooks Koepka,2017,92
Justin Thomas,2017,85
Tony Finau,2017,88
Kevin Tway,2017,90
Trey Mullinax,2017,96
Grayson Murray,2017,94
Gary Woodland,2017,86
J.B. Holmes,2017,91
Jason Day,2017,79
Patrick Rodgers,2017,93
Xander Schauffele,2017,95
Adam Scott,2017,93
Jon Rahm,2017,85
Jason Kokrak,2017,95
Bubba Watson,2017,97
Hudson Swafford,2017,95
Smylie Kaufman,2017,94
Kevin Chappell,2017,85
Jamie Lovemark,2017,85
Ryan Palmer,2017,81
Hideki Matsuyama,2017,85
Matt Jones,2017,86
Harold Varner III,2017,93
Tag Ridings,2017,89
Harris English,2017,86
Graham DeLaet,2017,97
Sergio Garcia,2017,80
Nick Watney,2017,91
Jhonattan Vegas,2017,87
Robert Garrigus,2017,91
Ollie Schniederjans,2017,87
Martin Flores,2017,98
Rickie Fowler,2017,85
Justin Rose,2017,85
Byeong Hun An,2017,88
Brendan Steele,2017,90
Billy Horschel,2017,101
Keegan Bradley,2017,90
Andres Gonzales,2017,83
Bryson DeChambeau,2017,91
Patrick Cantlay,2017,88
Seung-Yul Noh,2017,87
Charl Schwartzel,2017,83
Charley Hoffman,2017,89
Lucas Glover,2017,90
Marc Leishman,2017,89
Seamus Power,2017,80
Rick Lamb,2017,90
Matt Every,2017,92
Russell Henley,2017,90
Scott Stallings,2017,90
Cody Gribble,2017,94
Sean O'Hair,2017,91
Paul Casey,2017,80
Anirban Lahiri,2017,85
Charles Howell III,2017,89
Daniel Berger,2017,88
Kyle Stanley,2017,92
Sung Kang,2017,91
Martin Laird,2017,91
Brian Campbell,2017,94
Bud Cauley,2017,87
Stewart Cink,2017,91
Jimmy Walker,2017,83
Patrick Reed,2017,89
Louis Oosthuizen,2017,89
Shane Lowry,2017,96
Scott Piercy,2017,94
Jordan Spieth,2017,79
J.T. Poston,2017,87
Jason Dufner,2017,89
Hunter Mahan,2017,101
Dominic Bozzelli,2017,87
Mackenzie Hughes,2017,94
Robert Streb,2017,88
J.J. Henry,2017,97
Shawn Stefani,2017,89
Kevin Streelman,2017,96
James Hahn,2017,93
Morgan Hoffmann,2017,86
Sam Saunders,2017,90
Phil Mickelson,2017,80
Emiliano Grillo,2017,85
Patton Kizzire,2017,90
Aaron Baddeley,2017,86
Cameron Smith,2017,84
Jim Herman,2017,99
Cameron Percy,2017,96
Bill Haas,2017,78
Kelly Kraft,2017,106
Francesco Molinari,2017,87
Retief Goosen,2017,90
Ben Martin,2017,94
Rory Sabbatini,2017,86
Nick Taylor,2017,85
J.J. Spaun,2017,94
Blayne Barber,2017,84
Richy Werenski,2017,93
Danny Lee,2017,89
Rafa Cabrera Bello,2017,94
Adam Hadwin,2017,89
Branden Grace,2017,84
Pat Perez,2017,84
Boo Weekley,2017,94
David Lingmerth,2017,83
Troy Merritt,2017,88
Brian Harman,2017,86
Michael Kim,2017,86
Whee Kim,2017,86
Scott Brown,2017,93
Jonas Blixt,2017,89
Ryo Ishikawa,2017,89
Kevin Kisner,2017,86
Brett Stegmaier,2017,92
Camilo Villegas,2017,86
Si Woo Kim,2017,86
Brad Fritsch,2017,88
Miguel Angel Carballo,2017,91
Johnson Wagner,2017,94
Russell Knox,2017,90
Ryan Moore,2017,90
Rod Pampling,2017,96
Steven Bowditch,2017,94
Jonathan Randolph,2017,88
Tyrone Van Aswegen,2017,86
John Huh,2017,90
Nicholas Lindheim,2017,98
C.T. Pan,2017,90
Chris Kirk,2017,88
Daniel Summerhays,2017,92
Zach Johnson,2017,87
Chris Stroud,2017,87
Derek Fathauer,2017,91
Geoff Ogilvy,2017,84
Brett Drewitt,2017,83
Webb Simpson,2017,80
Kyle Reifers,2017,87
Chad Campbell,2017,81
Tom Hoge,2017,90
Matt Kuchar,2017,82
Ricky Barnes,2017,87
William McGirt,2017,96
Chez Reavie,2017,95
Michael Thompson,2017,86
Ryan Blaum,2017,93
Mark Anderson,2017,83
Ernie Els,2017,80
Kevin Na,2017,80
Ian Poulter,2017,74
Mark Hubbard,2017,89
Vaughn Taylor,2017,93
Peter Malnati,2017,81
K.J. Choi,2017,87
Alex Cejka,2017,84
Chad Collins,2017,77
David Hearn,2017,82
Cameron Tringale,2017,81
Brandt Snedeker,2017,92
Steve Wheatcroft,2017,89
Roberto Castro,2017,81
Carl Pettersson,2017,91
Wesley Bryan,2017,80
Tim Wilkinson,2017,78
Spencer Levin,2017,90
Graeme McDowell,2017,93
Ryan Armour,2017,84
Brian Gay,2017,80
Ben Crane,2017,85
Luke Donald,2017,88
D.A. Points,2017,86
Greg Chalmers,2017,86
Bryce Molder,2017,87
Steven Alker,2017,78
Billy Hurley III,2017,86
Jason Bohn,2017,90
Ken Duke,2017,84
Zac Blair,2017,81
Brian Stuard,2017,88
Jim Furyk,2017,88
Rory McIlroy,2018,80
Trey Mullinax,2018,111
Tom Lovelady,2018,98
Tony Finau,2018,86
Luke List,2018,84
Dustin Johnson,2018,86
Gary Woodland,2018,98
Brooks Koepka,2018,82
Bubba Watson,2018,104
Keith Mitchell,2018,92
Justin Thomas,2018,78
Brendan Steele,2018,98
Kevin Tway,2018,89
Jason Day,2018,83
Jason Kokrak,2018,92
Jon Rahm,2018,89
Kevin Chappell,2018,98
Harold Varner III,2018,89
Byeong Hun An,2018,87
Robert Garrigus,2018,90
Nick Watney,2018,99
Grayson Murray,2018,88
Tommy Fleetwood,2018,96
J.B. Holmes,2018,83
Bryson DeChambeau,2018,96
Adam Schenk,2018,102
Ryan Palmer,2018,89
Xander Schauffele,2018,89
Adam Scott,2018,93
Matt Jones,2018,85
Paul Casey,2018,83
Jhonattan Vegas,2018,94
Tiger Woods,2018,74
Patrick Rodgers,2018,97
Justin Rose,2018,83
Corey Conners,2018,94
Jamie Lovemark,2018,81
Patrick Cantlay,2018,93
Brandon Harkins,2018,96
Aaron Wise,2018,97
Bronson Burgoon,2018,95
Sam Saunders,2018,93
Hudson Swafford,2018,93
Sean O'Hair,2018,92
Seamus Power,2018,89
Lanto Griffin,2018,99
Harris English,2018,93
Peter Uihlein,2018,91
Hideki Matsuyama,2018,89
Matt Atkins,2018,97
Ollie Schniederjans,2018,88
Cody Gribble,2018,96
Francesco Molinari,2018,90
Charles Howell III,2018,88
Shane Lowry,2018,96
J.T. Poston,2018,95
Phil Mickelson,2018,89
Martin Flores,2018,97
Chesson Hadley,2018,94
Beau Hossler,2018,97
Rickie Fowler,2018,88
Louis Oosthuizen,2018,75
Jordan Spieth,2018,86
Scott Stallings,2018,92
Keegan Bradley,2018,93
Shawn Stefani,2018,90
Charley Hoffman,2018,88
Charl Schwartzel,2018,88
Stephan Jaeger,2018,88
Alex Noren,2018,99
Martin Laird,2018,80
Ethan Tracy,2018,98
Jimmy Walker,2018,87
Talor Gooch,2018,92
Branden Grace,2018,90
Tyrrell Hatton,2018,79
James Hahn,2018,94
Patton Kizzire,2018,99
Xinjun Zhang,2018,93
Marc Leishman,2018,88
Cameron Smith,2018,84
J.J. Spaun,2018,101
Stewart Cink,2018,87
Patrick Reed,2018,85
Daniel Berger,2018,96
Lucas Glover,2018,91
Sam Ryder,2018,91
Jason Dufner,2018,87
Dominic Bozzelli,2018,91
Hunter Mahan,2018,101
Brice Garnett,2018,94
Scott Piercy,2018,95
Michael Thompson,2018,98
Retief Goosen,2018,82
Bill Haas,2018,92
Abraham Ancer,2018,89
Joel Dahmen,2018,88
Kyle Stanley,2018,96
Cameron Percy,2018,85
Bud Cauley,2018,77
Billy Horschel,2018,97
Denny McCarthy,2018,94
Troy Merritt,2018,93
Brett Stegmaier,2018,97
Aaron Baddeley,2018,83
Emiliano Grillo,2018,93
Rafa Cabrera Bello,2018,91
Kevin Streelman,2018,88
Mackenzie Hughes,2018,97
Kiradech Aphibarnrat,2018,84
Blayne Barber,2018,87
Tyler Duncan,2018,95
Matt Every,2018,98
Anirban Lahiri,2018,91
Nate Lashley,2018,96
Andrew Putnam,2018,91
Webb Simpson,2018,81
Satoshi Kodaira,2018,108
Ian Poulter,2018,92
Nicholas Lindheim,2018,94
Graeme McDowell,2018,95
Jonas Blixt,2018,85
Sung Kang,2018,91
Brandt Snedeker,2018,92
Russell Henley,2018,104
C.T. Pan,2018,90
Nick Taylor,2018,90
Scott Brown,2018,100
Robert Streb,2018,96
Austin Cook,2018,87
Rory Sabbatini,2018,86
Martin Piller,2018,94
Zecheng Dou,2018,98
Brian Harman,2018,91
J.J. Henry,2018,94
Richy Werenski,2018,89
Jonathan Byrd,2018,82
Russell Knox,2018,91
Henrik Stenson,2018,89
Tom Hoge,2018,87
Conrad Shindler,2018,83
Andrew Landry,2018,97
Peter Malnati,2018,85
Pat Perez,2018,92
Si Woo Kim,2018,81
Kevin Kisner,2018,96
Ricky Barnes,2018,85
Danny Lee,2018,82
Andrew Yun,2018,95
Tyrone Van Aswegen,2018,90
Ben Silverman,2018,97
Michael Kim,2018,93
Zach Johnson,2018,79
Chris Kirk,2018,79
Chris Stroud,2018,91
Ben Martin,2018,92
Kevin Na,2018,76
Adam Hadwin,2018,86
Jonathan Randolph,2018,91
William McGirt,2018,89
Cameron Tringale,2018,93
Ryan Moore,2018,79
Derek Fathauer,2018,88
Ryan Blaum,2018,91
Steve Wheatcroft,2018,97
Kelly Kraft,2018,90
Rod Pampling,2018,93
Matt Kuchar,2018,84
John Huh,2018,92
Daniel Summerhays,2018,94
Alex Cejka,2018,79
Chad Campbell,2018,93
Chez Reavie,2018,92
Vaughn Taylor,2018,89
Johnson Wagner,2018,83
"Ted Potter, Jr.",2018,82
Whee Kim,2018,95
David Lingmerth,2018,92
Kyle Thompson,2018,98
Rob Oppenheim,2018,83
David Hearn,2018,87
Billy Hurley III,2018,89
Ryan Armour,2018,82
Brian Gay,2018,86
Greg Chalmers,2018,96
Ben Crane,2018,90
D.A. Points,2018,84
Jim Furyk,2018,80
Wesley Bryan,2018,76
Zac Blair,2018,83
Brian Stuard,2018,90