Player Name,Exp-Before-2010,Exp-Less_Eq-2012,Exp-Less_Eq-2015,Exp-Less_Eq-2018
A.J. Duncan,2,2,2,2
A.J. McInerney,0,0,0,2
Aaron Baddeley,10,13,16,19
Aaron Barber,2,2,2,2
Aaron Bengoechea,1,1,1,1
Aaron Watkins,1,2,3,3
Aaron Wise,0,0,0,3
Abraham Ancer,0,0,0,3
Adam Adams,1,1,1,1
Adam Bland,0,0,0,1
Adam Hadwin,0,2,4,7
Adam Hart,0,0,0,1
Adam Kase,1,1,1,1
Adam Long,0,0,0,1
Adam Mednick,2,2,2,2
Adam Meyer,1,1,1,1
Adam Schenk,0,0,0,2
Adam Scott,10,13,16,19
Adam Spring,1,1,1,1
Adam Svensson,0,0,1,2
Adrian Otaegui,0,0,0,1
Adrian Stills,1,1,1,1
Ahmad Bateman,1,1,1,1
Aki Ohmachi,5,5,5,5
Akio Sadakata,2,2,2,2
Al Geiberger,8,8,8,8
Al Morton,1,1,1,1
Alan Bratton,1,1,1,1
Alan Fadel,1,1,1,1
Alan Morin,3,3,3,3
Alan Pate,5,5,5,5
Alan Tapie,3,3,3,3
Alan Wagner,1,1,1,1
Alastair Forsyth,5,5,5,5
Albin Choi,0,1,1,1
Alejandro Ca√±izares,2,2,2,2
Alex Aragon,1,1,2,2
Alex Cejka,10,13,15,18
Alex Hamilton,0,1,1,1
Alex Kang,0,0,0,1
Alex Moon,0,0,0,1
Alex Noren,1,4,6,9
Alex Prugh,0,2,4,6
Alexander Bj√∂rk,0,0,0,1
Alexander Levy,0,0,2,5
Alexandre Balicki,1,1,1,1
Alexandre Rocha,0,3,5,5
Alfie Plant,0,0,0,1
Alistair Presnell,0,2,3,3
Allan Schulte,1,1,1,1
Allan Strange,1,1,1,1
Allen Doyle,6,6,6,6
Allen Miller,7,7,7,7
Alvaro Quiros,2,5,7,7
Anders Albertson,0,0,0,1
Anders Forsbrand,7,7,7,7
Anders Hansen,5,8,8,8
Andre Stolz,2,3,4,4
Andrea Pavan,0,0,0,1
Andres Gonzales,3,5,8,10
Andres Romero,4,7,10,13
Andrew Buckle,3,3,3,3
Andrew Clapp,1,1,1,1
Andrew Coltart,8,8,8,8
Andrew Debusk,1,1,1,1
Andrew Dodt,0,0,1,2
Andrew Dorn,0,0,0,1
Andrew Dresser,1,1,1,1
Andrew Johnson,0,0,1,1
Andrew Johnston,0,0,0,3
Andrew Landry,0,0,0,3
Andrew Loupe,0,0,2,4
Andrew Magee,23,23,23,23
Andrew Marshall,1,1,1,1
Andrew McLardy,5,6,6,6
Andrew Murray,1,1,1,1
Andrew Novak,0,0,0,1
Andrew Putnam,0,0,2,4
Andrew Ruthkoski,1,1,1,1
Andrew Svoboda,1,1,4,4
Andrew Yun,0,0,0,1
Andy Bare,1,1,1,1
Andy Bean,23,23,23,23
Andy Dillard,6,6,6,6
Andy Matthews,1,1,1,1
Andy Miller,3,3,3,3
Andy Morse,1,1,1,1
Andy North,16,16,16,16
Andy Oldcorn,4,4,4,4
Andy Pope,0,0,2,2
Andy Sullivan,0,0,1,4
Angel Cabrera,12,15,18,20
Angelo Que,0,0,1,1
Anirban Lahiri,0,0,3,6
Anthony Gilligan,1,1,1,1
Anthony Kang,2,2,2,2
Anthony Kim,4,7,7,7
Anthony Painter,2,2,2,2
Anthony Paolucci,0,1,1,1
Anthony Price,1,1,1,1
Anthony Rodriguez,3,3,3,3
Anthony Wall,5,5,6,6
Anton Haig,2,2,2,2
Antonio Cerda,9,9,9,9
Antonio Lascuna,0,0,1,1
Arden Knoll,2,2,2,2
Arie Ahmad Irawan,0,0,1,1
Ariel Ca√±ete,1,1,1,1
Arjun Atwal,7,10,12,15
Armando Favela,0,0,0,1
Arnaud Langenaeken,1,1,1,1
Arnie Dokka,2,2,2,2
Arnold Palmer,10,10,10,10
Aron Price,1,3,3,3
Arron Oberholser,7,7,7,7
Art Wall,1,1,1,1
Artie McNickle,2,2,2,2
Ashley Chesters,0,0,1,1
Ashley Chinner,1,1,1,1
Ashley Hall,0,0,0,1
Ashun Wu,0,0,3,6
Austin Connelly,0,0,0,2
Austin Cook,0,0,2,4
Azuma Yano,3,3,3,3
B.J. Staten,2,2,2,2
Babe Hiskey,3,3,3,3
Barclay Howard,1,1,1,1
Barney Thompson,4,4,4,4
Barry Cheesman,12,12,12,12
Barry Harwell,3,3,3,3
Barry Jaeckel,19,19,19,19
Barry Lane,7,7,7,7
Bart Bryant,15,16,17,17
Beau Baugh,6,6,6,6
Beau Hossler,0,1,2,4
Ben Bates,4,4,4,4
Ben Crane,8,11,14,17
Ben Crenshaw,23,23,23,23
Ben Curtis,8,11,14,15
Ben Duncan,1,1,1,1
Ben Ferguson,1,1,1,1
Ben Kern,0,0,0,1
Ben Kohles,0,1,3,3
Ben Leong,0,0,1,2
Ben Martin,0,1,4,7
Ben Peters,1,1,1,1
Ben Portie,1,1,1,1
Ben Silverman,0,0,0,2
Ben Taylor,0,0,0,1
Ben Walter,1,1,1,1
Benjam√≠n Alvarado,0,0,1,1
Benjamin Fox,0,1,1,1
Benny Passons,1,1,1,1
Bernd Wiesberger,0,1,3,6
Bernhard Langer,27,27,30,32
Berry Henson,0,0,1,2
Bert Atkinson,1,1,1,1
Bert Seagraves,1,1,1,1
Bert Yancey,2,2,2,2
Bill Bergin,7,7,7,7
Bill Brask,1,1,1,1
Bill Britton,16,16,16,16
Bill Buttner,9,9,9,9
Bill Calfee,6,6,6,6
Bill Galloway,1,1,1,1
Bill Glasson,23,23,23,23
Bill Haas,6,9,12,15
Bill Hoefle,1,1,1,1
Bill Israelson,3,3,3,3
Bill Johnston,1,1,1,1
Bill Loeffler,2,2,2,2
Bill Longmuir,1,1,1,1
Bill Lunde,2,5,8,8
Bill Lytle,1,1,1,1
Bill Majure,1,1,1,1
Bill Murchison,5,5,5,5
Bill Pelham,1,1,1,1
Bill Porter,3,3,3,3
Bill Robinson,1,1,1,1
Bill Rogers,9,9,9,9
Bill Sander,14,14,14,14
Bill Schumaker,1,1,1,1
Billy Andrade,24,24,25,25
Billy Bassler,1,1,1,1
Billy Casper,4,4,4,4
Billy Downes,1,1,1,1
Billy Glisson,1,1,1,1
Billy Horschel,0,2,5,8
Billy Hurley III,1,3,6,9
Billy Kratzert,17,17,17,17
Billy Mayfair,23,26,28,28
Billy Pierot,5,5,5,5
Billy Ray Brown,12,12,12,12
Billy Tuten,5,5,5,5
Bio Kim,0,1,2,2
Blaine McCallister,24,24,24,24
Blake Adams,0,3,6,6
Blake Trimble,0,1,1,1
Blayne Barber,0,0,3,6
Bo Van Pelt,8,11,14,15
Bob Ackerman,1,1,1,1
Bob Beauchemin,2,2,2,2
Bob Betley,2,2,2,2
Bob Borowicz,2,2,2,2
Bob Boyd,8,8,8,8
Bob Burns,12,12,12,12
Bob Byman,5,5,5,5
Bob Charles,3,3,3,3
Bob Duval,1,1,1,1
Bob Eastwood,15,15,15,15
Bob Estes,22,25,26,29
Bob Ford,5,5,5,5
Bob Friend,5,5,5,5
Bob Gilder,21,21,21,21
Bob Goalby,3,3,3,3
Bob Heintz,6,7,7,7
Bob Irving,1,1,1,1
Bob Lendzion,2,2,2,2
Bob Lohr,14,14,14,14
Bob Lunn,2,2,2,2
Bob Makoski,1,1,1,1
Bob Mann,2,2,2,2
Bob May,10,10,10,10
Bob Murphy,9,9,9,9
Bob Payne,1,1,1,1
Bob Proben,6,6,6,6
Bob Ralston,2,2,2,2
Bob Rosburg,1,1,1,1
Bob Shearer,5,5,5,5
Bob Smith,5,5,5,5
Bob Sowards,2,2,2,2
Bob Tway,29,29,29,29
Bob Wolcott,8,8,8,8
Bob Wynn,1,1,1,1
Bob Zender,1,1,1,1
Bobby Clampett,19,19,19,19
Bobby Cochran,2,2,2,2
Bobby Cole,11,11,11,11
Bobby Doolittle,1,1,1,1
Bobby Gage,2,2,2,2
Bobby Gates,1,4,5,6
Bobby Heins,5,5,5,5
Bobby Kalinowski,1,1,1,1
Bobby Mitchell,7,7,7,7
Bobby Nichols,6,6,6,6
Bobby Pancratz,4,4,4,4
Bobby Stroble,1,1,1,1
Bobby Tracy,1,1,1,1
Bobby Wadkins,21,21,21,21
Bobby Walzel,3,3,3,3
Bobby Wyatt,0,0,1,3
Boo Weekley,4,7,10,12
Bowen Xiao,0,0,0,1
Boyd Summerhays,2,2,2,2
Brad Adamonis,3,4,4,4
Brad Bell,2,2,2,2
Brad Benjamin,0,1,1,1
Brad Bryant,24,24,24,24
Brad Elder,6,6,7,7
Brad Fabel,17,17,17,17
Brad Faxon,27,28,28,28
Brad Fritsch,0,1,4,5
Brad Greer,3,3,3,3
Brad King,1,1,1,1
Brad Lardon,7,7,7,7
Brad Sherfy,3,3,3,3
Brad Sutterfield,1,1,1,1
Braden Thornberry,0,0,0,2
Bradley Dredge,3,3,3,4
Bradley Hughes,11,11,11,11
Brady Schnell,1,1,1,1
Brady Watt,0,0,1,1
Brandel Chamblee,17,17,17,17
Branden Grace,1,2,5,8
Brandon Hagy,0,0,1,3
Brandon Harkins,0,0,0,3
Brandon Stone,0,0,0,2
Brandt Jobe,15,18,19,19
Brandt Snedeker,5,8,11,14
Braxton Marquez,0,1,1,1
Brendan Jones,4,4,4,4
Brendan Steele,0,2,5,8
Brenden Pappas,5,6,6,6
Brendon de Jonge,2,5,8,11
Brendon Todd,1,2,5,8
Brent Buckman,1,1,1,1
Brent Delahoussaye,1,2,2,2
Brent Franklin,1,1,1,1
Brent Geiberger,12,12,12,12
Brent Murray,1,1,1,1
Brent Schwarzrock,4,4,4,4
Brent Winston,1,1,1,1
Bret Burroughs,1,1,1,1
Brett Coletta,0,0,0,1
Brett Drewitt,0,0,0,3
Brett Ogle,5,5,5,5
Brett Quigley,14,17,18,18
Brett Rumford,3,3,6,7
Brett Stegmaier,0,0,1,4
Brett Upper,7,7,7,7
Brett Wetterich,6,9,9,9
Brian Barnes,1,1,1,1
Brian Bateman,8,9,9,9
Brian Campbell,0,0,1,3
Brian Claar,18,18,18,18
Brian Davis,8,11,14,16
Brian Fogt,5,5,5,5
Brian Gaffney,0,0,1,1
Brian Gay,11,14,16,19
Brian Harman,1,2,5,8
Brian Henninger,14,14,14,14
Brian Hull,1,1,1,1
Brian Jones,2,2,2,2
Brian Kamm,9,9,9,9
Brian Kontak,1,1,1,1
Brian Kortan,1,1,1,1
Brian Mogg,4,4,4,4
Brian Rowell,1,1,1,1
Brian Stuard,0,1,4,7
Brian Tennyson,8,8,8,8
Brian Vranesh,1,1,1,1
Brian Watts,17,17,17,17
Brian Wilson,2,2,2,2
Brice Garnett,0,0,3,6
Briny Baird,10,13,15,15
Brock Mackenzie,1,2,2,2
Bronson Burgoon,0,0,1,4
Bronson La'Cassie,1,1,2,2
Brook Schmitt,1,1,1,1
Brooks Koepka,0,0,3,6
Bruce Ashworth,1,1,1,1
Bruce Crampton,1,1,1,1
Bruce Devlin,5,5,5,5
Bruce Douglass,5,5,5,5
Bruce Fleisher,17,17,17,17
Bruce Lehnhard,1,1,1,1
Bruce Lietzke,22,22,22,22
Bruce Smith,1,1,1,1
Bruce Soulsby,4,4,4,4
Bruce Summerhays,1,1,1,1
Bruce Vaughan,1,1,1,1
Bruce Zabriski,6,6,6,6
Bryan DeCorso,1,1,1,1
Bryan Gorman,1,1,1,1
Bryan Norton,2,2,2,2
Bryce Molder,5,8,11,13
Bryson DeChambeau,0,0,1,4
Bubba Dickerson,4,4,5,5
Bubba Watson,4,7,10,13
Bud Allin,3,3,3,3
Bud Cauley,0,2,4,7
Buddy Alexander,1,1,1,1
Buddy Gardner,17,17,17,17
Buddy Whitten,2,2,2,2
Bunky Henry,3,3,3,3
Butch Baird,3,3,3,3
Buzz Fly,1,1,1,1
Byeong Hun An,0,1,3,6
Byron Smith,0,0,2,2
C.T. Pan,0,0,2,5
Calum Hill,0,0,0,1
Calvin Peete,12,12,12,12
Cameron Beckman,12,15,18,18
Cameron Champ,0,0,0,2
Cameron Davis,0,0,0,2
Cameron Percy,0,2,5,8
Cameron Smith,0,0,2,5
Cameron Tringale,0,3,6,9
Cameron Wilson,0,0,1,2
Cameron Yancey,1,1,1,1
Camilo Benedetti,1,1,1,1
Camilo Villegas,6,9,12,15
Carl Baker,1,1,1,1
Carl Cooper,4,4,4,4
Carl Mason,2,2,2,2
Carl Paulson,8,10,10,10
Carl Pettersson,8,11,14,16
Carl Suneson,1,1,1,1
Carl Yuan,0,0,0,1
Carlos Franco,13,14,14,14
Carlos Ortiz,0,0,2,5
Carlos Sainz Jr,0,0,1,1
Carlton White,1,1,1,1
Cary Hungate,1,1,1,1
Casey Martin,3,3,3,3
Casey Wittenberg,5,7,8,9
Cesar Sanudo,3,3,3,3
Chad Campbell,11,14,17,20
Chad Collins,2,4,7,9
Chad Ginn,1,1,1,1
Chan Kim,0,0,0,1
Chan Shih-chang,0,0,0,1
Chapchai Nirat,1,1,1,1
Charl Schwartzel,5,8,11,14
Charles Bolling,6,6,6,6
Charles Coody,10,10,10,10
Charles Howell III,10,13,16,19
Charles Raulerson,3,3,3,3
Charles Sifford,2,2,2,2
Charles Warren,8,10,10,10
Charley Hoffman,7,10,13,16
Charlie Beljan,0,1,4,6
Charlie Bowles,3,3,3,3
Charlie Danielson,0,0,0,2
Charlie Epps,1,1,1,1
Charlie Gibson,3,3,3,3
Charlie Krenkel,2,2,2,2
Charlie Rymer,4,4,4,4
Charlie Wi,5,8,10,11
Chase Parker,0,0,0,1
Chase Seiffert,0,0,0,2
Chase Wright,0,1,1,2
Chesson Hadley,0,0,3,6
Chez Reavie,3,6,9,12
Chi Chi Rodriguez,7,7,7,7
Chih-Bing Lam,2,2,2,2
Chip Beck,22,22,22,22
Chip Craig,1,1,1,1
Chip Deason,1,1,1,1
Chip Hall,1,1,1,1
Chip Johnson,1,1,1,1
Chip Sullivan,5,5,5,5
Chris Anderson,2,2,2,2
Chris Baryla,3,5,5,5
Chris Borgen,1,1,1,1
Chris Cookson,2,2,2,2
Chris Couch,6,9,9,10
Chris Crisologo,0,0,0,1
Chris DiMarco,16,19,20,20
Chris Downes,1,1,1,1
Chris Evans,0,0,0,1
Chris Holmes,1,1,1,1
Chris Kirk,1,4,7,10
Chris Kite,3,3,3,3
Chris Moody,1,1,1,1
Chris Naegel,0,0,1,2
Chris Nallen,2,2,2,2
Chris Paisley,0,0,0,1
Chris Parra,1,1,1,1
Chris Patton,2,2,2,2
Chris Perry,18,18,18,18
Chris Riley,11,14,15,15
Chris Rodgers,0,0,1,1
Chris Rogers,0,1,1,1
Chris Smith,15,16,18,18
Chris Starkjohann,2,2,2,2
Chris Stroud,4,7,10,13
Chris Stutts,1,1,1,1
Chris Thompson,0,0,1,1
Chris Tidland,4,6,6,6
Chris Tucker,3,3,3,3
Chris Van Der Velde,2,2,2,2
Chris Williams,0,0,2,2
Chris Wilson,0,1,1,1
Chris Wollmann,1,1,1,1
Chris Wood,2,2,5,8
Chris Zambri,1,1,1,1
Christian C√©va√´r,2,2,2,2
Christian Chernock,1,1,1,1
Christian Pena,2,2,2,2
Christo Greyling,0,1,1,1
Christopher Hanell,1,1,1,1
Christopher Williams,1,1,1,1
Christy O'Connor,3,3,3,3
Chuck Thorpe,1,1,1,1
Clarence Rose,20,20,20,20
Clark Burroughs,9,9,9,9
Clark Dennis,12,12,12,12
"Claude Harmon, Jr.",1,1,1,1
Clayton Rask,0,0,1,1
Cliff Kresge,8,9,9,9
Clint Doyle,1,1,1,1
Clinton Whitelaw,1,1,1,1
Clyde Rego,2,2,2,2
Cody Freeman,1,1,1,1
Cody Gribble,0,0,2,5
Colby Beckstrom,1,1,1,1
Colin Montgomerie,17,18,20,21
Collin Morikawa,0,0,0,1
Colt Knost,3,5,8,11
Conrad Shindler,0,0,0,2
Corey Conners,0,0,0,3
Corey Pavin,29,32,32,32
Cory Renfrew,0,0,1,1
Cory Whitsett,0,0,1,1
Costantino Rocca,6,6,6,6
Craig Barlow,12,15,15,15
Craig Bowden,7,9,9,9
Craig Kanada,5,5,5,5
Craig Lee,1,1,1,1
Craig Lile,1,1,1,1
Craig Matthew,1,1,1,1
Craig Parry,19,19,19,19
Craig Perks,7,7,7,7
Craig Rudolph,1,1,1,1
Craig Spence,3,3,3,3
Craig Stadler,28,28,28,28
Curt Byrum,18,18,18,18
Curtis Luck,0,0,0,2
Curtis Reed,0,0,0,1
Curtis Sifford,3,3,3,3
Curtis Strange,23,23,23,23
D.A. Points,4,7,10,13
D.A. Russell,1,1,1,1
D.A. Weibring,24,24,24,24
D.H. Lee,0,0,3,4
D.J. Brigman,3,4,4,4
D.J. Trahan,6,9,11,12
Daisuke Kataoka,0,0,0,3
Daisuke Maruyama,3,3,4,4
Dale Douglass,9,9,9,9
Dan Croonquist,1,1,1,1
Dan Forsman,26,26,26,26
Dan Frickey,1,1,1,1
Dan Halldorson,18,18,18,18
Dan Olsen,1,1,1,1
Dan Oschmann,1,1,1,1
Dan Pohl,21,21,21,21
Dana Quigley,7,7,7,7
Danie van Tonder,0,0,1,1
Daniel Berger,0,0,2,5
Daniel Chopra,6,9,9,9
Daniel Gaunt,1,1,1,1
Daniel Miernicki,0,0,1,1
Daniel Obremski,0,0,0,1
Daniel Popovic,0,0,1,1
Daniel Summerhays,0,2,5,8
Danny Briggs,11,11,11,11
Danny Chia,0,0,2,4
Danny Edwards,16,16,16,16
Danny Ellis,7,7,7,7
Danny Goodman,1,1,1,1
Danny Green,1,1,1,1
Danny Lee,2,3,6,9
Danny Mijovic,3,3,3,3
Danny Talbot,4,4,4,4
Danny Walters,1,1,1,1
Danny Wax,0,1,1,1
Danny Willett,0,1,4,7
Darrell Kestner,6,6,6,6
Darren Clarke,15,18,21,22
Darren Fichardt,2,2,4,4
Darron Stiles,5,6,7,8
Darryl Donovan,1,1,1,1
Dave Barr,23,23,23,23
Dave Bishop,1,1,1,1
Dave Brownlee,1,1,1,1
Dave Christensen,1,1,1,1
Dave Davis,1,1,1,1
Dave Eichelberger,13,13,13,13
Dave Hill,5,5,5,5
Dave Miley,1,1,1,1
Dave Peege,3,3,3,3
Dave Rummells,16,16,16,16
Dave Schreyer,2,2,2,2
Dave Stockton,14,14,14,14
"Dave Stockton, Jr.",9,9,9,9
Dave Tentis,4,4,4,4
David Allen,1,1,1,1
"David Berganio, Jr.",13,13,13,13
David Branshaw,3,3,4,4
David Canipe,10,10,10,10
David Carter,1,1,1,1
David Delong,1,1,1,1
David Dixon,1,1,1,1
David Drysdale,1,1,1,2
David Duval,19,22,25,25
David Edwards,26,26,26,26
David Eger,2,2,2,2
David Feherty,6,6,6,6
David Frost,24,24,25,25
David Gilford,4,4,4,4
David Glenz,2,2,2,2
David Gossett,9,9,9,9
David Graham,13,13,13,13
David Hearn,4,6,9,12
David Hobby,3,3,3,3
David Horsey,1,2,2,2
David Howell,9,9,12,13
David Howser,2,2,2,2
David Hutsell,1,1,1,1
David Ishii,16,16,16,16
David Jackson,5,5,5,5
David Lebeck,1,1,1,1
David Lingmerth,0,0,3,6
David Lipsky,0,0,2,4
David Lundstrom,4,4,4,4
David Lutterus,1,2,2,2
David Lynn,1,2,4,4
David Mathis,1,3,4,4
David McKenzie,2,2,2,2
David Morland IV,7,7,7,7
David O'Kelly,1,1,1,1
David Ogrin,21,21,21,21
David Park,1,1,1,1
David Peoples,24,24,24,24
David Roesch,2,2,2,2
David Rueter,1,1,1,1
David Russell,2,2,2,2
David Sann,2,2,2,2
David Seawell,1,1,1,1
David Smail,3,3,3,3
David Stephens,1,1,1,1
David Sutherland,10,10,10,10
David Tapping,1,1,1,1
David Thore,5,5,5,5
David Toms,18,21,24,25
David Vincent,1,1,1,1
David White,1,1,1,1
David Whitfield,1,1,1,1
Davidson Matyczuk,1,1,1,1
Davis Love III,24,27,30,33
Dawie van der Walt,0,0,2,4
Dean Burmester,0,0,0,2
Dean Prange,1,1,1,1
Dean Robertson,3,3,3,3
Dean Wilson,9,11,12,12
Deane Pappas,6,6,6,6
Denis Watson,16,16,16,16
Dennis Harrington,3,3,3,3
Dennis Paulson,11,11,11,11
Dennis Tiziani,1,1,1,1
Dennis Trixler,13,13,13,13
Denny Hepler,5,5,5,5
Denny McCarthy,0,0,1,3
Derek Ernst,0,1,4,5
Derek Fathauer,2,2,4,7
Derek Gillespie,4,4,4,4
Derek Lamely,2,5,5,5
Derek Tolan,0,0,1,1
Derrick Cooper,2,2,2,2
Des Smyth,3,3,3,3
Desmond Smyth,1,1,1,1
Desvonde Botes,2,2,2,2
Dewey Arnette,5,5,5,5
DeWitt Weaver,6,6,6,6
Dick Lotz,1,1,1,1
Dick Mast,20,20,20,20
Dick McClean,1,1,1,1
Dick Siderowf,2,2,2,2
Dicky Pride,16,19,22,24
Dicky Thompson,4,4,4,4
Didier De Vooght,1,1,1,1
Diego Vanegas,1,1,1,1
Dillard Pruitt,9,9,9,9
Dirk Ayers,1,1,1,1
Do-Hoon Kim,0,1,1,1
Doc Redman,0,0,0,1
Domingo Hospital,1,1,1,1
Dominic Bozzelli,0,0,0,3
Don Berry,1,1,1,1
Don Bies,5,5,5,5
Don Bliss,1,1,1,1
Don Hurter,1,1,1,1
Don January,4,4,4,4
Don Levin,3,3,3,3
Don Padgett,2,2,2,2
Don Pooley,21,21,21,21
Don Reese,5,5,5,5
"Don Shirey, Jr.",7,7,7,7
Don Walsworth,2,2,2,2
Don Yrene,3,3,3,3
Dong Seop Maeng,0,0,0,1
Donnie Hammond,24,24,24,24
Doug Barron,10,10,10,10
Doug Black,4,4,4,4
Doug Brown,1,1,1,1
Doug Campbell,3,3,3,3
Doug Dalziel,1,1,1,1
Doug Dunakey,6,6,6,6
Doug Ford,1,1,1,1
Doug Ghim,0,0,0,1
Doug Johnson,5,5,5,5
Doug LaBelle II,2,3,5,5
Doug Martin,10,10,10,10
Doug Roxburgh,1,1,1,1
Doug Sanders,1,1,1,1
Doug Tewell,21,21,21,21
Doug Weaver,3,3,3,3
Doyeob Mun,0,0,0,1
Drew Weaver,1,3,3,3
Dru Love,0,0,0,1
Dudley Hart,19,19,21,21
Duffy Waldorf,23,25,26,26
Dustin Johnson,2,5,8,11
Dustin Morris,0,1,1,1
Dustin Risdon,0,1,1,1
Dwight Nevil,5,5,5,5
Dylan Frittelli,0,0,0,2
Dylan Meyer,0,0,0,1
E.J. Pfister,1,1,1,1
Eamonn Darcy,1,1,1,1
Ed Byman,1,1,1,1
Ed Dougherty,16,16,16,16
Ed Fiori,22,22,22,22
Ed Humenik,7,7,7,7
Ed Pfister,1,1,1,1
Ed Sabo,1,1,1,1
Ed Selser,3,3,3,3
Ed Sneed,9,9,9,9
Ed Terasa,1,1,1,1
Eddie Jackson,1,1,1,1
Eddie Kirby,4,4,4,4
Eddie Pearce,4,4,4,4
Eddie Pepperell,0,0,1,3
Edoardo Molinari,2,5,6,6
Eduardo Herrera,4,4,4,4
Eduardo Romero,12,12,12,12
Edward Fryatt,7,7,7,7
Edward Loar,2,3,5,5
Eiji Mizoguchi,1,1,1,1
Eli Zackheim,1,1,1,1
Emanuele Canonica,1,1,1,1
Emiliano Grillo,0,0,1,4
Emlyn Aubrey,11,11,11,11
Eric Axley,5,7,10,12
Eric Batten,3,3,3,3
Eric Booker,5,5,5,5
Eric Evans,1,1,1,1
Eric Johnson,2,2,2,2
Eric Meierdierks,0,0,1,1
Eric Ramsay,1,1,1,1
Eric Rustand,1,1,1,1
Erick Justesen,0,2,2,2
Erik Compton,6,9,12,13
Erik van Rooyen,0,0,0,1
Erin Fostey,1,1,1,1
Ernie Els,18,21,24,27
Ernie Gonzalez,13,13,13,13
Esteban Toledo,13,13,13,13
Ethan Tracy,0,0,0,3
Euan Walters,1,1,1,1
Fabi√°n G√≥mez,0,1,4,7
Fabrizio Zanotti,1,1,2,3
Felipe Aguilar,1,1,2,2
Fernando Mechereffe,1,1,1,1
Forrest Fezler,10,10,10,10
Fran Quinn,6,9,10,10
Francesco Molinari,1,4,7,10
Frank Beard,2,2,2,2
Frank Conner,16,16,16,16
Frank Dobbs,1,1,1,1
Frank Edmonds,1,1,1,1
Frank Fuhrer,1,1,1,1
Frank Lickliter II,14,17,18,18
Frank Nobilo,11,11,11,11
Frankie Minoza,1,1,1,1
Franklin Corpening,0,0,1,1
Franklin Langham,10,10,10,10
Fred Couples,29,32,34,36
Fred Funk,25,27,28,29
Fred Gibson,1,1,1,1
Fred Marti,1,1,1,1
Fred Wadsworth,10,10,10,10
Freddie Jacobson,8,11,14,16
Fredrik Andersson Hed,3,4,4,4
Fulton Allem,18,18,18,18
Fuzzy Zoeller,23,23,23,23
Gabriel Hjertstedt,10,10,10,10
Gaganjeet Bhullar,0,0,1,3
Gar Hamilton,1,1,1,1
Gardner Dickinson,1,1,1,1
Gareth Maybin,0,1,1,1
Gareth Paddison,1,1,1,1
Garrett Barber,0,0,0,1
Garrett Morrison,1,1,1,1
Garrett Rank,0,0,0,1
Garrett Willis,9,12,12,12
Garth Mulroy,1,4,5,5
"Gary Birch, Jr.",1,1,1,1
Gary Christian,0,1,2,2
Gary Clark,2,2,2,2
Gary Emerson,1,1,1,1
Gary Evans,4,4,4,4
Gary Groh,3,3,3,3
Gary Hallberg,25,25,25,25
Gary Hardin,2,2,2,2
Gary Koch,16,16,16,16
Gary Krueger,3,3,3,3
Gary Marlowe,1,1,1,1
Gary Martin,1,1,1,1
Gary McCord,18,18,18,18
Gary Murphy,1,1,1,1
Gary Nicklaus,5,5,5,5
Gary Orr,2,2,2,2
Gary Pinns,5,5,5,5
Gary Player,11,11,11,11
Gary Rusnak,3,3,3,3
Gary Stal,0,0,1,1
Gary Trivisonno,3,3,3,3
Gary Webb,1,1,1,1
Gary Wintz,1,1,1,1
Gary Woodland,1,4,7,10
Gavan Levenson,5,5,5,5
Gavin Coles,5,6,6,6
Gavin Flint,1,1,1,1
Gavin Kyle Green,0,0,0,3
Gay Brewer,4,4,4,4
Gene Elliott,2,2,2,2
Gene Fieger,2,2,2,2
Gene George,1,1,1,1
Gene Jones,1,1,1,1
Gene Littler,6,6,6,6
Gene Matthews,1,1,1,1
Gene Sauers,22,23,23,23
Geoff Ogilvy,9,12,15,18
Geoffrey Sisk,2,2,2,2
George Archer,12,12,12,12
George Burns,16,16,16,16
George Cadle,9,9,9,9
George Cascino,1,1,1,1
George Coetzee,0,0,3,5
George Cunningham,0,0,0,1
George Johnson,1,1,1,1
George Knudson,1,1,1,1
George McNeill,3,6,9,11
Gibby Gilbert,11,11,11,11
Gibby Gilbert III,2,2,2,2
Gil Morgan,18,18,18,18
Glen Day,16,18,21,21
Glen Hnatiuk,8,8,8,8
Gonzalo Fernandez-Casta√±o,2,4,7,9
Gordon Brand,1,1,1,1
Gordon Brand Jr.,4,4,4,4
Gordon Law,1,1,1,1
Gordon Sherry,2,2,2,2
Gordon Smith,2,2,2,2
Gr√©gory Bourdy,3,4,6,7
Gr√©gory Havret,3,5,5,5
Graeme McDowell,8,11,14,17
Graeme Storm,4,4,4,5
Graham DeLaet,1,3,6,8
Graham Marsh,2,2,2,2
Grant Hirschman,0,0,0,1
Grant Sturgeon,1,1,1,1
Grant Turner,1,1,1,1
Grant Waite,18,18,18,18
Grayson Murray,0,0,0,2
Greg Antunes,1,1,1,1
Greg Bruckner,4,4,4,4
Greg Cerulli,2,2,2,2
Greg Cesario,1,1,1,1
Greg Chalmers,9,12,15,18
Greg Farrow,2,2,2,2
Greg Gregory,1,1,1,1
Greg Hickman,2,2,2,2
Greg Kraft,16,17,17,17
Greg Ladehoff,7,7,7,7
Greg Lesher,3,3,3,3
Greg Meyer,2,2,2,2
Greg Norman,27,27,27,27
Greg Olson,1,1,1,1
Greg Owen,6,8,11,13
Greg Powers,16,16,16,16
Greg Towne,1,1,1,1
Greg Turner,5,5,5,5
Greg Twiggs,17,17,17,17
Greg Whisman,3,3,3,3
Greg Yates,0,0,0,1
Gregg Wolff,2,2,2,2
Gregor Main,1,1,1,1
Gregory Bisconti,1,1,1,1
Gregory Chapman,2,2,2,2
Greyson Sigg,0,0,0,1
Grier Jones,5,5,5,5
Griff Moody,3,3,3,3
Griffin Rudolph,3,3,3,3
Guan Tian Liang,0,0,2,2
Gunn Yang,0,0,1,1
Guy Boros,16,19,19,19
Guy Hill,3,3,3,3
Gyu Min Lee,0,0,0,1
Hajime Meshiai,3,3,3,3
Hal Sutton,26,26,26,26
Hale Irwin,22,22,22,22
Han Lee,1,1,1,1
Hank Gardner,1,1,1,1
Hank Kuehne,7,8,9,9
Hank Lebioda,0,0,0,1
Haotong Li,0,0,3,6
Harold Perry,1,1,1,1
Harold Varner III,0,0,2,5
Harris English,0,1,4,7
Harrison Frazar,12,15,17,17
Harry Taylor,10,10,10,10
Haydn Porteous,0,0,0,2
Heath Slocum,9,12,15,15
Hennie Otto,2,5,6,6
Henrik Bjornstad,1,2,2,2
Henrik Norlander,0,0,2,5
Henrik Stenson,5,8,11,14
Henry Cagigal,1,1,1,1
Hicks Malonson,1,1,1,1
Hideki Kase,3,3,3,3
Hideki Matsuyama,0,2,5,8
Hidemasa Hoshino,1,1,1,1
Hidemichi Tanaka,9,9,9,9
Hideto Tanihara,5,5,7,9
Hirofumi Miyase,1,1,1,1
Hiroshi Goda,1,1,1,1
Hiroshi Iwata,0,0,2,3
Hiroshi Makino,1,1,1,1
Hiroyuki Fujita,5,8,10,10
Hisayuki Sasaki,3,3,3,3
Ho Ming Chung,1,1,1,1
Homero Blancas,5,5,5,5
Howard Clark,9,9,9,9
Howard Twitty,19,19,19,19
Hsieh Chin Shing,1,1,1,1
Hsu Sheng-San,1,1,1,1
Hubert Green,18,18,18,18
Hudson Swafford,0,0,3,6
Hugh Royer,3,3,3,3
Hugh Royer III,5,5,5,5
Huilin Zhang,0,0,0,1
Hunt Gilliland,1,1,1,1
Hunter Haas,2,4,5,5
Hunter Hamrick,0,1,1,1
Hunter Mahan,7,10,13,16
Hunter Stewart,0,0,1,1
Hyun-woo Ryu,0,0,0,2
Hyung-Sung Kim,0,0,2,2
Hyungjoon Lee,0,0,0,2
Iain Steel,2,2,2,2
Ian Baker-Finch,8,8,8,8
Ian Garbutt,2,2,2,2
Ian Leggatt,10,10,10,10
Ian Poulter,10,13,16,19
Ian Woosnam,20,20,20,20
Ignacio Garrido,4,4,4,4
Ikuo Shirahama,2,2,2,2
Isao Aoki,13,13,13,13
Ivan Smith,2,2,2,2
J.B. Holmes,4,7,10,13
J.B. Sneve,2,2,2,2
J.C. Snead,11,11,11,11
J.J. Henry,10,13,16,19
J.J. Killeen,0,1,1,1
J.J. Spaun,0,0,1,4
J.L. Lewis,16,17,17,17
J.P. Hayes,16,18,18,18
J.T. Poston,0,0,0,3
Jack Ferenz,7,7,7,7
Jack Kay Jr.,2,2,2,2
Jack Larkin,2,2,2,2
Jack Lewis,1,1,1,1
Jack Maguire,0,0,1,2
Jack McConachie,1,1,1,1
Jack Newman,1,1,1,1
Jack Newton,3,3,3,3
Jack Nicklaus,23,23,23,23
Jack O'Keefe,3,3,3,3
Jack Renner,16,16,16,16
Jack Seltzer,1,1,1,1
Jack Slocum,1,1,1,1
Jack Spradlin,1,1,1,1
Jaco Ahlers,0,0,0,1
Jaco Van Zyl,1,1,3,3
Jacques Blaauw,0,0,0,1
Jae-bum Park,0,2,2,2
Jaime Gomez,1,1,1,1
Jaime Gonzalez,2,2,2,2
James Blair,3,3,3,3
James Driscoll,7,10,13,14
James Hahn,0,0,3,6
James Johnson,1,1,1,1
James Kingston,3,4,4,4
James McLean,4,4,4,4
James Morrison,0,0,1,1
James Nitties,1,2,2,2
James Oh,1,1,1,1
James Vargas,1,1,1,1
Jamie Donaldson,0,1,4,5
Jamie Lovemark,4,7,10,13
Jamie McLeary,0,0,1,1
Jamie Spence,1,1,1,1
Jared du Toit,0,0,0,1
Jared Sawada,0,0,0,1
Jarmo Sandelin,4,4,4,4
Jarrod Lyle,3,6,7,7
Jarrod Moseley,4,4,4,4
Jason Allred,3,4,5,5
Jason Bohn,6,9,12,15
Jason Buha,2,2,2,2
Jason Caron,4,4,4,4
Jason Day,3,6,9,12
Jason Dufner,5,8,11,14
Jason Gore,8,11,14,17
Jason Hartwick,2,2,2,2
Jason Hill,1,1,1,1
Jason Knutzon,1,1,2,2
Jason Kokrak,0,1,4,7
Jason Norris,0,0,0,1
Jason Preeo,0,1,1,1
Jason Schultz,2,3,3,3
Jason Scrivener,0,0,0,1
Jason Tyska,1,1,1,1
Javier Sanchez,1,1,1,1
Jaxon Brigman,2,2,2,2
Jay Cudd,3,3,3,3
Jay Delsing,25,25,25,25
Jay Don Blake,18,18,18,18
Jay Haas,27,27,27,27
Jay Hobby,1,1,1,1
Jay Lumpkin,1,1,1,1
Jay McGrath,1,1,1,1
Jay McLuen,0,0,1,1
Jay Overton,5,5,5,5
Jay Sigel,6,6,6,6
Jay Williamson,14,15,15,15
Jay Woodson,0,0,1,1
Jazz Janewattananond,0,0,0,1
Jbe' Kruger,0,1,1,1
JC Anderson,4,4,4,4
JC Ritchie,0,0,0,1
Jean Baptiste Gonnet,1,1,1,1
Jean Van de Velde,5,5,5,5
Jean-Francois Lucquin,1,1,1,1
Jean-Francois Remesy,1,1,1,1
Jeev Milkha Singh,5,7,7,7
Jeff Barlow,3,3,3,3
Jeff Brehaut,9,9,9,9
Jeff Burns,0,1,1,1
Jeff Cook,1,1,1,1
Jeff Coston,5,5,5,5
Jeff Curl,0,1,2,2
Jeff Darrah,1,1,1,1
Jeff Freeman,2,2,2,2
Jeff Gallagher,8,8,8,8
Jeff Gove,5,6,7,7
Jeff Grygiel,4,4,4,4
Jeff Hart,9,9,9,9
Jeff Hawkes,2,2,2,2
Jeff Hewes,1,1,1,1
Jeff Julian,2,2,2,2
Jeff Kern,3,3,3,3
Jeff Klauk,1,3,4,4
Jeff Klein,2,2,2,2
Jeff Leonard,1,1,1,1
Jeff Lewis,2,2,2,2
Jeff Maggert,22,25,27,27
Jeff Mitchell,5,5,5,5
Jeff Overton,4,7,10,11
Jeff Quinney,6,9,9,9
Jeff Roth,4,4,4,4
Jeff Sanday,1,1,1,1
Jeff Sanders,4,4,4,4
Jeff Sluman,26,26,26,26
Jeff Steinberg,1,1,1,1
Jeff Street,1,1,1,1
Jeff Thomsen,5,5,5,5
Jeff Williams,1,1,1,1
Jeff Woodland,3,3,3,3
Jeffrey Lankford,3,3,3,3
Jeffrey Wilson,4,4,4,4
Jeremiah Wooding,0,0,1,1
Jeremy Anderson,1,1,1,1
Jeremy Robinson,1,1,1,1
Jerod Turner,0,1,1,1
Jerry Anderson,6,6,6,6
Jerry Foltz,2,2,2,2
Jerry Haas,6,6,6,6
Jerry Heard,4,4,4,4
Jerry Kelly,15,18,21,23
Jerry McGee,2,2,2,2
Jerry Pate,16,16,16,16
"Jerry Richardson, Jr.",0,1,1,1
Jerry Smith,7,7,7,7
Jerry Wisz,1,1,1,1
Jesper Parnevik,16,19,20,20
Jess Daley,1,1,1,1
Jesse Mueller,0,1,1,2
Jet Ozaki,4,4,4,4
Jeunghun Wang,0,0,0,2
Jhonattan Vegas,1,3,6,9
Jim Albus,4,4,4,4
Jim Barber,3,3,3,3
Jim Benepe,5,5,5,5
Jim Bertoncino,2,2,2,2
Jim Booros,10,10,10,10
Jim Carter,17,18,18,18
Jim Chancey,2,2,2,2
Jim Colbert,8,8,8,8
Jim Dent,10,10,10,10
Jim Ellis,1,1,1,1
Jim Estes,1,1,1,1
Jim Furyk,16,19,22,25
"Jim Gallagher, Jr.",24,24,24,24
Jim Hallet,12,12,12,12
Jim Hamilton,1,1,1,1
Jim Herman,0,3,6,8
Jim Holtgrieve,3,3,3,3
Jim Jamieson,1,1,1,1
Jim Kane,4,4,4,4
Jim King,3,3,3,3
Jim Knous,0,0,0,2
Jim Logue,1,1,1,1
Jim McGovern,18,18,18,18
Jim Nelford,13,13,13,13
Jim Paschal,2,2,2,2
Jim Payne,2,2,2,2
Jim Renner,0,1,3,3
Jim Roy,2,2,2,2
Jim Rutledge,5,5,5,5
Jim Simons,9,9,9,9
Jim Thorpe,19,19,19,19
Jim Wilson,1,1,1,1
Jim Woodward,7,7,7,7
Jimmy Green,6,6,6,6
Jimmy Gunn,0,0,1,1
Jimmy Johnston,3,3,3,3
Jimmy Powell,2,2,2,2
Jimmy Stanger,0,0,0,1
Jimmy Walker,5,8,11,14
Jin Jeong,0,0,2,2
Jin Park,2,2,3,3
Jinho Choi,0,0,0,1
Joakim Haeggman,2,2,2,2
Joaquin Niemann,0,0,0,2
Jodie Mudd,14,14,14,14
"Joe Acosta, Jr.",5,5,5,5
Joe Affrunti,0,0,2,3
Joe Carr,2,2,2,2
Joe Cioe,1,1,1,1
Joe Daley,4,4,4,4
Joe Durant,14,17,19,19
Joe Hager,4,4,4,4
Joe Huber,1,1,1,1
Joe Inman,10,10,10,10
Joe Kunes,1,1,1,1
Joe Lloyd,1,1,1,1
Joe Ogilvie,10,13,15,15
Joe Ozaki,14,14,14,14
Joel Dahmen,0,0,1,3
Joel Edwards,15,15,15,15
Joel Kribel,5,5,5,5
Joey Garber,0,0,0,1
Joey Gullion,4,4,4,4
Joey Maxon,1,1,1,1
Joey Rassett,8,8,8,8
Joey Sindelar,26,26,26,26
Joey Snyder III,2,3,4,4
Johan Edfors,3,4,4,4
Johan Rystr√∂m,1,1,1,1
John Adams,19,19,19,19
John Bickerton,3,3,3,3
John Burckle,2,2,2,2
John Calabria,1,1,1,1
John Catlin,0,0,0,1
John Connelly,1,1,1,1
John Cook,28,28,28,28
John Daly,21,24,26,27
John DeForest,2,2,2,2
John Douma,1,1,1,1
John Dowdall,3,3,3,3
John Elliott,6,6,6,6
John Ellis,0,1,1,1
"John Engler, Jr.",1,1,1,1
John Flannery,2,2,2,2
John Fought,7,7,7,7
John Godwin,1,1,1,1
John Hamarik,1,1,1,1
John Harris,1,1,1,1
John Hawksworth,1,1,1,1
John Horne,2,2,2,2
John Huh,0,1,4,7
John Huston,23,24,24,24
John Inman,12,12,12,12
John Jackson,4,4,4,4
John Jacobs,1,1,1,1
John Johnson,1,1,1,1
John Joseph,1,1,1,1
John Kernohan,1,1,1,1
John Kimbell,0,0,1,1
John Lister,2,2,2,2
John Maginnes,10,10,10,10
John Mahaffey,19,19,19,19
John Mallinger,5,8,10,10
John Mazza,4,4,4,4
John McComish,5,5,5,5
John McGough,1,1,1,1
John Merrick,3,6,9,12
John Morgan,3,3,3,3
John Morse,11,11,11,11
John Oda,0,0,0,2
John Parry,0,0,2,2
John Peterson,0,1,4,7
John Reeves,1,1,1,1
John Restino,2,2,2,2
John Riegger,11,11,11,11
John Rollins,9,12,15,16
John Ross,3,3,3,3
John Schroeder,4,4,4,4
John Senden,8,11,14,17
John Sherman,1,1,1,1
John Sikes,1,1,1,1
John Slaughter,5,5,5,5
John Snyder,1,1,1,1
John Stark,1,1,1,1
John Traub,3,3,3,3
John Wilson,6,6,6,6
John Yancey,1,1,1,1
Johnny Elam,1,1,1,1
Johnny Miller,14,14,14,14
Johnson Wagner,3,6,9,12
Jon Bevan,1,1,1,1
Jon Chaffee,6,6,6,6
Jon Curran,0,0,2,5
Jon Diggetts,1,1,1,1
Jon Mills,3,4,4,4
Jon Rahm,0,0,1,4
Jon Turcott,2,2,2,2
Jonas Blixt,0,1,4,7
Jonathan Bartlett,0,1,1,1
Jonathan Byrd,10,13,16,19
Jonathan Fly,0,1,1,1
Jonathan Garrick,0,0,0,2
Jonathan Kaye,14,15,15,15
Jonathan Lomas,4,4,4,4
Jonathan Moore,1,1,1,1
Jonathan Randolph,0,2,5,7
Joost Luiten,0,1,3,6
Jordan L Smith,0,0,0,1
Jordan Niebrugge,0,0,2,3
Jordan Spieth,0,3,6,9
Jordan Zunic,0,0,0,1
Jorge Benedetti,1,1,1,1
Jorge Campillo,0,0,0,1
Jos√© Coceres,12,12,13,13
Jos√© de Jes√∫s Rodr√≠guez,1,1,1,2
Jos√© Manuel Lara,2,2,2,2
Jos√© Mar√≠a Olaz√°bal,21,22,24,24
Jos√© Rivero,1,1,1,1
Jose-Filipe Lima,1,1,1,1
Joseph Bramlett,0,2,2,3
Joseph Dean,0,0,0,1
Josh Broadaway,0,1,2,2
Josh Teater,0,3,6,9
Joshua Creel,0,0,0,1
Juli√°n Etulain,0,0,0,2
Julian Suri,0,0,0,1
Jung-gon Hwang,0,0,0,1
Junghwan Lee,0,0,0,1
Junpei Takayama,1,1,1,1
Justin Bolli,2,3,5,5
Justin Harding,0,0,0,1
Justin Hicks,1,2,5,6
Justin Leonard,17,20,23,25
Justin Lower,0,0,0,1
Justin Rose,10,13,16,19
Justin Thomas,0,1,4,7
Juvic Pagunsan,0,1,1,2
Jyoti Randhawa,4,4,4,4
K.C. Liao,1,1,1,1
K.J. Choi,11,14,17,20
K.T. Kim,0,3,4,6
Kaname Yokoo,7,7,7,7
Karl Kimball,2,2,2,2
Karl Zoller,1,1,1,1
Katsumasa Miyamoto,2,3,3,3
Katsumune Imai,1,1,1,1
Katsuyoshi Tomori,4,4,4,4
Kawika Cotner,2,2,2,2
Kazuhiko Hosokawa,6,6,6,6
Kazuhiro Takami,1,1,1,1
Kazunari Takahashi,1,1,1,1
Keegan Bradley,0,2,5,8
Keiichiro Fukabori,6,6,6,6
Keith Clearwater,15,15,15,15
Keith Fergus,18,18,18,18
Keith Harris,1,1,1,1
Keith Kulzer,1,1,1,1
Keith Lyford,1,1,1,1
Keith Mitchell,0,0,0,2
Keith Nolan,2,2,2,2
Kelly Gibson,14,14,14,14
Kelly Grunewald,2,2,2,2
Kelly Kraft,0,1,3,6
Kelly Manos,1,1,1,1
Kelly Mitchum,3,3,3,3
Kelly Murray,1,1,1,1
Kelvin Day,0,0,1,1
Ken Allard,1,1,1,1
Ken Brown,7,7,7,7
Ken Conant,1,1,1,1
Ken Duke,7,9,12,15
Ken Green,21,21,21,21
Ken Harrelson,1,1,1,1
Ken Kelley,2,2,2,2
Ken Looper,0,0,1,1
Ken Mattiace,2,2,2,2
Ken McDonald,2,2,2,2
Ken Schall,4,4,4,4
Ken Still,1,1,1,1
Kenichi Kuboya,4,5,5,5
Kenneth Ferrie,5,5,5,5
Kenneth Staton,2,2,2,2
Kenny Knox,14,14,14,14
Kenny Perry,23,26,29,29
Kenny Pigman,0,0,0,1
Kent Bulle,0,0,0,1
Kent Jones,12,15,16,17
Kent Kluba,1,1,1,1
Kent Stauffer,1,1,1,1
Keoke Cotner,1,1,1,1
Kermit Zarley,8,8,8,8
Kevin Burton,3,3,3,3
Kevin Chappell,0,3,6,9
Kevin DeNike,2,2,2,2
Kevin Dougherty,0,0,0,1
Kevin Durkin,1,1,1,1
Kevin Fairfield,1,1,1,1
Kevin Foley,0,0,1,1
Kevin Johnson,4,5,5,5
Kevin King,1,1,1,1
Kevin Kisner,0,2,5,8
Kevin Morris,1,1,1,1
Kevin Muncrief,1,1,1,1
Kevin Na,7,10,13,16
Kevin Penner,0,0,1,1
Kevin Phelan,0,0,1,1
Kevin PomArleau,1,1,1,1
Kevin Riley,1,1,1,1
Kevin Stadler,6,9,11,11
Kevin Streelman,3,6,9,12
Kevin Sutherland,15,18,19,19
Kevin Tway,0,0,2,5
Kevin Wentworth,5,5,5,5
Kikuo Arai,6,6,6,6
Kim Felton,1,1,1,1
Kim Leun-Kwang,0,0,0,1
Kim Young,4,4,4,4
Kip Byrne,2,2,2,2
Kiradech Aphibarnrat,0,0,3,6
Kirk Triplett,20,22,22,22
Kiyoshi Miyazato,1,1,1,1
Kiyoshi Murota,2,2,2,2
Klas Eriksson,1,1,1,1
Kodai Ichihara,0,0,0,2
Koichi Suzuki,1,1,1,1
Koichi Uehara,1,1,1,1
Korky Kemp,1,1,1,1
Kosaku Shimada,1,1,1,1
Koumei Oda,0,1,3,3
Kramer Hickok,0,0,0,2
Kris Blanks,1,4,5,6
Kris Cox,3,3,3,3
Kris Moe,1,1,1,1
Kristoffer Broberg,0,0,1,2
Kurt Beck,1,1,1,1
Kurt Cox,2,2,2,2
Kyi Hla Han,1,1,1,1
Kyle Jones,0,0,0,1
Kyle Reifers,1,2,5,7
Kyle Stanley,1,4,7,10
Kyle Thompson,2,3,3,4
Kyoung-Hoon Lee,0,0,0,2
Lan Gooch,1,1,1,1
Lance Suzuki,1,1,1,1
Lance Ten Broeck,16,16,16,16
Lanny Wadkins,20,20,20,20
Lanto Griffin,0,0,0,2
Larry Gilbert,3,3,3,3
Larry Hinson,1,1,1,1
Larry Mize,29,29,30,32
Larry Mowry,1,1,1,1
Larry Nelson,19,19,19,19
Larry Rentz,2,2,2,2
Larry Ringer,2,2,2,2
Larry Rinker,22,22,22,22
Larry Silveira,6,6,6,6
Larry Webb,1,1,1,1
Larry Ziegler,10,10,10,10
Lars Meyerson,1,1,1,1
Laurie Canter,0,0,0,1
Lee Chill,2,2,2,2
Lee Danielian,1,1,1,1
Lee Elder,6,6,6,6
Lee Hodges,0,0,0,1
Lee Janzen,22,25,27,27
Lee McCoy,0,0,1,3
Lee Porter,9,9,9,9
Lee Rinker,9,9,9,9
Lee Slattery,1,2,2,3
Lee Thompson,1,1,1,1
Lee Trevino,12,12,12,12
Lee Westwood,14,17,20,23
Lee Williams,2,2,4,4
Leif Olson,1,1,1,1
Leigh Brannan,1,1,1,1
Len Mattiace,13,15,16,16
Lennie Clements,19,19,19,19
Leonard Thompson,16,16,16,16
Lewis Brown,1,1,1,1
Lian-Wei Zhang,1,1,2,2
Lindy Miller,8,8,8,8
Lionel Alexandre,1,1,1,1
Lloyd Monroe,1,1,1,1
Lloyd Saltman,1,1,1,1
Lon Hinkle,16,16,16,16
Lonnie Nielsen,9,9,9,9
Loren Roberts,27,27,27,27
Lou Graham,8,8,8,8
Louis Brown,2,2,2,2
Louis Oosthuizen,4,7,10,13
Lu Liang-Huan,1,1,1,1
Lu-Liang Huan,1,1,1,1
Lucas Bjerregaard,0,0,1,2
Lucas Glover,8,11,14,17
Lucas Herbert,0,0,0,1
Lucas Lee,0,0,1,2
Lucas Parsons,2,2,2,2
Luis Gagne,0,0,0,1
Luke Donald,10,13,16,19
Luke Guthrie,0,1,4,5
Luke List,2,2,3,6
Lyn Lott,5,5,5,5
Lynn Janson,1,1,1,1
M√•rten Olander,1,1,1,1
Maarten Lafeber,1,1,1,1
Mac McLendon,2,2,2,2
Mac O'Grady,15,15,15,15
Mackenzie Hughes,0,0,0,3
Madalitso Muthiya,1,1,1,1
Mamo Osanai,1,1,1,1
Manny Zerman,3,3,3,3
Manuel Pi√±ero,2,2,2,2
Manuel Villegas,1,1,1,1
Marc Cayeux,1,1,1,1
Marc Leishman,1,4,7,10
Marc Turnesa,2,5,7,8
Marc Warren,0,1,4,4
Marcel Siem,1,3,6,6
Marco Dawson,18,21,22,23
Marco Ruiz,2,2,2,2
Marcus Fraser,2,5,7,9
Marcus Kinhult,0,0,0,1
Mardan Mamat,0,0,1,1
Mario Tiziani,3,3,3,3
Marius Thorp,1,1,1,1
Mark Aebli,2,2,2,2
Mark Anderson,0,1,4,5
Mark Balen,1,1,1,1
Mark Brooks,27,30,30,30
Mark Brown,2,2,3,3
Mark Calcavecchia,29,31,32,32
Mark Carnevale,12,12,12,12
Mark Cato,1,1,1,1
Mark Coward,1,1,1,1
Mark Davis,1,1,1,1
Mark Foster,3,3,3,3
Mark Gurnow,1,1,1,1
Mark Hayes,16,16,16,16
Mark Hensby,9,10,11,11
Mark Hubbard,0,0,3,5
Mark James,8,8,8,8
Mark Johnson,1,1,1,1
Mark Jordan,1,1,1,1
Mark Lye,15,15,15,15
Mark Maness,1,1,1,1
Mark McCumber,21,21,21,21
Mark McNulty,18,18,18,18
Mark Mielke,1,1,1,1
Mark Nichols,1,1,1,1
Mark O'Meara,29,30,31,32
Mark Pfeil,17,17,17,17
Mark Roe,1,1,1,1
Mark Rohde,2,2,2,2
Mark Silvers,0,0,1,1
Mark Walker,1,1,1,1
Mark Wiebe,21,21,21,21
Mark Wilson,10,13,16,19
Mark Wolfla,1,1,1,1
Mark Wurtz,6,6,6,6
Markus Brier,2,2,2,2
Martin Erlandsson,1,1,1,1
Martin Flores,0,2,5,8
Martin Gates,1,1,1,1
Martin Kaymer,2,5,8,11
Martin Laird,2,5,8,11
Martin Piller,1,2,3,6
Martin Rominger,1,1,1,1
Martin Trainer,0,0,0,1
Martin Wiegele,1,1,1,1
Marty Schiene,3,3,3,3
Marty West,1,1,1,1
Martyn Thompson,1,1,1,1
Masahiro Kawamura,0,0,1,2
Masaji Kusakabe,1,1,1,1
Masanobu Kumura,1,1,1,1
Masashi Jumbo Ozaki,14,14,14,14
Massy Kuramoto,8,8,8,8
Mathew Goggin,8,11,12,12
Mathias Gr√∂nberg,10,12,12,12
Mats Hallberg,1,1,1,1
Matt Atkins,0,0,1,2
Matt Bettencourt,1,4,7,7
Matt Cole,1,1,1,1
Matt Davidson,1,1,1,1
Matt Dobyns,0,0,0,1
Matt Every,3,6,9,12
Matt Gogel,8,8,8,8
Matt Hansen,1,1,1,1
Matt Harmon,1,1,1,1
Matt Hendrix,3,3,3,3
Matt Hill,1,3,3,3
Matt Jones,2,5,8,11
Matt Kuchar,11,14,17,20
Matt Marshall,0,0,0,1
Matt McQuillan,0,2,2,2
Matt Parziale,0,0,0,1
Matt Peterson,2,2,2,2
Matt Wallace,0,0,0,1
Matt Weibring,2,4,5,5
Matteo Manassero,1,4,6,7
Matthew Baldwin,0,1,1,1
Matthew Borchert,1,1,1,1
Matthew Cort,1,1,1,1
Matthew Fitzpatrick,0,0,2,5
Matthew Griffin,0,0,0,1
Matthew Loving,1,1,1,1
Matthew Millar,0,0,0,1
Matthew Richardson,1,2,2,2
Matthew Southgate,0,0,0,3
Matthieu Pavon,0,0,0,1
Maverick McNealy,0,0,1,4
Max Homa,0,0,3,4
Michael Allen,16,19,19,19
Michael Barnblatt,1,1,1,1
Michael Boyd,1,1,1,1
Michael Bradley,18,21,22,23
Michael Brannan,4,4,4,4
"Michael Burke, Jr.",3,3,3,3
Michael Campbell,12,12,12,12
Michael Christensen,1,1,1,1
Michael Christie,4,4,4,4
Michael Clark II,6,7,7,7
Michael Combs,1,1,1,1
Michael Connell,2,4,4,4
Michael Cunning,2,2,2,2
Michael Fergin,1,1,1,1
Michael Flynn,1,1,1,1
Michael Harris,2,2,2,2
Michael Hoey,0,1,1,1
Michael Jonzon,1,2,2,2
Michael Kim,0,0,2,5
Michael King,1,1,1,1
Michael Kirk,1,1,1,1
Michael Letzig,2,4,5,5
Michael Long,3,3,3,3
Michael Lorenzo-Vera,0,0,0,2
Michael McLean,1,1,1,1
Michael Muehr,4,4,4,4
Michael O'Neal,0,1,1,1
Michael Putnam,2,4,7,8
Michael Sim,3,5,5,5
Michael Smith,0,0,1,1
Michael Thompson,1,3,6,9
Michael Walton,1,1,1,1
Michael Weaver,0,0,1,1
Michael Welch,1,1,1,1
Michio Matsumura,0,0,0,1
Mick Soli,6,6,6,6
Mickey DeMorat,0,0,0,1
Mickey Yokoi,1,1,1,1
Miguel Angel Carballo,0,1,3,5
Miguel Angel Jim√©nez,12,15,18,19
Miguel Angel Martin,2,2,2,2
Miguel Suarez,1,1,1,1
Miguel Tabuena,0,0,0,2
Mike Bender,4,4,4,4
Mike Blackburn,2,2,2,2
Mike Booker,1,1,1,1
Mike Bright,2,2,2,2
Mike Brisky,7,7,7,7
Mike Colandro,2,2,2,2
Mike Deuel,1,1,1,1
Mike Donald,21,21,21,21
Mike Emery Jr.,1,1,1,1
Mike Ferguson,1,1,1,1
Mike Fiedelka,1,1,1,1
Mike Franko,1,1,1,1
Mike Gove,7,7,7,7
Mike Grob,5,5,5,5
Mike Hammond,1,1,1,1
Mike Harmon,1,1,1,1
Mike Harwood,4,4,4,4
Mike Heinen,11,11,11,11
Mike Hendry,0,0,2,3
Mike Hill,6,6,6,6
Mike Holland,8,8,8,8
Mike Hulbert,21,21,21,21
Mike Keller,1,1,1,1
Mike Klein,2,2,2,2
Mike Malaska,2,2,2,2
Mike Malizia,2,2,2,2
Mike McCullough,15,15,15,15
Mike McGee,1,1,1,1
Mike Miles,2,2,2,2
Mike Morley,8,8,8,8
Mike Nicolette,16,16,16,16
Mike Peck,6,6,6,6
Mike Preston,1,1,1,1
Mike Putnam,1,1,1,1
Mike Reid,22,22,22,22
Mike Riedel,1,1,1,1
Mike Ruiz,1,1,1,1
Mike San Filippo,1,1,1,1
Mike Schleuter,1,1,1,1
Mike Schuchart,2,2,2,2
Mike Small,7,9,9,9
Mike Smith,17,17,17,17
Mike Sposa,6,6,6,6
Mike Springer,17,17,17,17
Mike Standly,16,16,16,16
Mike Sullivan,22,22,22,22
Mike Swartz,2,2,2,2
Mike Taylor,1,1,1,1
Mike Tschetter,2,2,2,2
Mike Weir,15,17,19,19
Mike West,2,2,2,2
Mike White,1,1,1,1
Mike Zack,1,1,1,1
Mikko Ilonen,3,3,6,6
Milan Swilor,1,1,1,1
Miles Prestomon,1,1,1,1
Miller Barber,7,7,7,7
Minchel Choi,0,0,0,1
Mingjie Huang,0,0,1,1
Mitch Adcock,4,4,4,4
Mitch Mooney,1,1,1,1
Mitch Voges,1,1,1,1
Mitsuhiro Tateyama,1,1,1,1
Mitsutaka Kusakabe,1,1,1,1
Monte Montgomery,1,1,1,1
Morgan Hoffmann,0,2,5,8
Morris Hatalsky,17,17,17,17
Morten Orum Madsen,0,0,1,1
Mu Hu,0,0,2,2
Namio Takasu,1,1,1,1
Nate Lashley,0,0,0,2
Nate Smith,0,1,2,2
Nathan Green,4,7,9,9
Nathan Holman,0,0,0,1
Nathaniel Crosby,1,1,1,1
Neal Lancaster,20,21,22,22
Neale Smith,1,1,1,1
Neil Cheetham,2,2,2,2
Neil Price,1,1,1,1
Nic Henning,1,1,1,1
Nicholas Fung,0,0,2,3
Nicholas Lawrence,1,1,1,1
Nicholas Lindheim,0,0,1,4
Nicholas Thompson,3,5,8,8
Nick Cullen,0,0,1,1
Nick Dougherty,4,4,4,4
Nick Faldo,25,25,25,25
Nick Flanagan,4,4,4,4
Nick Gilliam,2,2,2,2
Nick Hardy,0,0,1,3
Nick Mason,0,0,0,1
Nick O'Hern,7,10,11,11
Nick Price,25,26,26,26
Nick Taylor,2,2,4,7
Nick Watney,6,9,12,15
Niclas Fasth,8,8,8,8
Nicolas Colsaerts,0,1,3,4
Nicolas Vanhootegem,1,1,1,1
Nobuhito Sato,2,2,2,2
Nobuo Serizawa,4,4,4,4
Nolan Henke,16,16,16,16
Norio Suzuki,2,2,2,2
Notah Begay III,11,11,11,11
Olen Grant,1,1,1,1
Olin Browne,17,17,17,17
Oliver Bekker,0,1,1,2
Oliver Goss,0,0,1,1
Oliver Thomson,1,1,1,1
Oliver Wilson,2,3,5,5
Olle Karlsson,1,1,1,1
Ollie Schniederjans,0,0,1,4
Omar Uresti,13,16,16,17
Orville Moody,4,4,4,4
Oscar Fraustro,0,0,3,6
Oscar Serna,1,1,1,1
Ossie Moore,1,1,1,1
Ove Sellberg,2,2,2,2
P.H. Horgan III,12,12,12,12
Pablo Larrazabal,2,4,6,7
Pablo Martin Benavides,2,3,3,3
Padraig Harrington,14,17,20,23
Parker McLachlin,4,5,5,6
Pat Bates,6,6,6,6
Pat Duncan,1,1,1,1
Pat Fitzsimons,6,6,6,6
Pat Lindsey,8,8,8,8
Pat McGowan,14,14,14,14
"Pat Nanney, Jr.",1,1,1,1
Pat Perez,8,11,14,17
Patrick Boyd,1,1,1,1
Patrick Burke,7,7,7,7
Patrick Cantlay,0,2,4,6
Patrick Damron,1,1,1,1
Patrick Lee,1,1,1,1
Patrick Moore,2,2,2,2
Patrick Reed,0,2,5,8
Patrick Rodgers,0,0,3,6
Patrick Sheehan,6,7,7,7
Patrik Sj√∂land,3,3,3,3
Patton Kizzire,0,0,2,5
Paul Affleck,1,1,1,1
Paul Azinger,27,27,27,27
Paul Bradshaw,1,1,1,1
Paul Broadhurst,8,8,8,8
Paul Casey,9,12,15,18
Paul Claxton,4,4,4,4
Paul Curry,2,2,2,2
Paul Devenport,1,1,1,1
Paul Dunne,0,0,1,4
Paul Eales,1,1,1,1
Paul Gow,6,6,6,6
Paul Goydos,17,20,22,23
Paul Haley II,0,0,1,1
Paul Lawrie,9,10,12,14
Paul McGinley,12,12,12,12
Paul McIntire,1,1,1,1
Paul Peterson,0,0,1,1
Paul Sheehan,3,3,3,3
Paul Stankowski,15,18,19,19
Paul Trittler,8,8,8,8
Paul Waring,1,1,1,1
Paul Way,3,3,3,3
Paul Wesselingh,1,1,1,1
Paul Wise,1,1,1,1
Payne Stewart,19,19,19,19
Pelle Edberg,1,1,1,1
Per-Ulrik Johansson,12,12,12,12
Perry Arthur,9,9,9,9
Perry Moss,3,3,3,3
Perry Parker,1,1,1,1
Pete Brown,2,2,2,2
Pete Izumigawa,1,1,1,1
Pete Jordan,14,14,14,14
Pete Mathews,1,1,1,1
Pete Morgan,1,1,1,1
Peter Baker,4,4,4,4
Peter Fowler,4,4,4,4
Peter Hanson,4,7,9,9
Peter Hedblom,3,3,4,4
Peter Jacobsen,27,27,27,27
Peter Karmis,1,1,1,1
Peter Linhart,1,1,1,1
Peter Lonard,11,12,13,13
Peter Malnati,0,0,3,6
Peter Mitchell,3,3,3,3
Peter O'Malley,8,8,8,8
Peter Oosterhuis,8,8,8,8
Peter Persons,8,8,8,8
Peter Senior,11,12,12,12
Peter Teravainen,3,3,3,3
Peter Tomasulo,2,4,5,5
Peter Uihlein,0,1,3,5
Phachara Khongwatmai,0,0,0,1
Phil Blackmar,20,20,20,20
Phil Mickelson,20,23,26,29
Phil Rodgers,2,2,2,2
Phil Schmitt,1,2,2,2
Phil Tataurangi,11,11,11,11
Philip Archer,2,2,2,2
Philip Francis,1,1,1,1
Philip Golding,1,1,1,1
Philip Jonas,3,3,3,3
Philip Parkin,4,4,4,4
Philip Walton,3,3,3,3
Philippe Ploujoux,1,1,1,1
Phillip Hancock,9,9,9,9
Phillip Price,7,7,7,7
Pierre Fulke,6,6,6,6
Poom Saksansin,0,0,0,1
Prayad Marksaeng,2,2,4,5
Prom Meesawat,1,1,2,2
R.H. Sikes,1,1,1,1
R.W. Eaks,6,6,6,6
Rafa Cabrera Bello,0,2,5,8
Rafael Alarcon,5,5,5,5
Rafael Campos,0,0,0,2
Rahil Gangjee,0,0,0,1
Ralph Landrum,4,4,4,4
Randall Hutchison,0,1,1,1
Randy Erskine,2,2,2,2
Randy Leen,1,1,1,1
Randy Sonnier,1,1,1,1
Randy Watkins,2,2,2,2
Randy Wylie,3,3,3,3
Raphael Jacquelin,4,5,6,6
Rashid Ismail,0,0,1,1
Ray Arinno,1,1,1,1
"Ray Barr, Jr.",5,5,5,5
Ray Carrasco,1,1,1,1
Ray Freeman,2,2,2,2
Ray Pearce,2,2,2,2
Ray Stewart,14,14,14,14
Raymond Floyd,20,20,20,20
Raymond Russell,2,2,2,2
Reid Edstrom,1,1,1,1
Reinier Saxton,1,1,1,1
Renato Paratore,0,0,0,1
Retief Goosen,14,17,20,23
Rett Crowder,2,2,2,2
Rex Caldwell,15,15,15,15
Rhein Gibson,0,0,2,3
Rhys Davies,0,2,2,2
Rhys Enoch,0,0,0,1
Ricardo Gonzalez,2,2,2,2
Rich Barcelo,3,4,4,4
Rich Beem,11,14,14,15
Rich Fulkerson,1,1,1,1
Rich Parker,1,1,1,1
Rich Yokota,1,1,1,1
Richard Backwell,1,1,1,1
Richard Bland,0,0,0,2
Richard Boxall,2,2,2,2
Richard Crawford,2,2,2,2
Richard Cromwell,1,1,1,1
Richard Finch,2,2,2,2
Richard Green,9,10,10,10
Richard Johnson,8,10,10,10
Richard Kaplan,1,1,1,1
Richard Lee,1,2,5,6
Richard Sadler,1,1,1,1
Richard Scott,1,2,2,2
Richard Sterne,3,3,6,8
Richard Zokol,22,22,22,22
Richie Adham,1,1,1,1
Richie Coughlan,3,3,3,3
Richie Karl,5,5,5,5
Richie Ramsay,0,0,2,3
Richy Werenski,0,0,0,3
Rick Borg,1,1,1,1
Rick Cramer,1,1,1,1
Rick Dalpos,10,10,10,10
Rick Fehr,20,20,20,20
Rick Gibson,3,3,3,3
Rick Hartmann,1,1,1,1
Rick Heath,1,1,1,1
Rick Lamb,0,0,0,1
Rick Lewallen,1,1,1,1
Rick Meskell,2,2,2,2
Rick Pearson,6,6,6,6
Rick Price,1,1,1,1
Rick Schuller,1,1,1,1
Rick Todd,4,4,4,4
Rick Vershure,1,1,1,1
Rickie Fowler,2,5,8,11
Ricky Barnes,5,8,11,14
Ricky Kawagishi,3,3,3,3
Ricky Smallridge,1,1,1,1
Rik Massengale,4,4,4,4
Rikard Karlberg,0,0,1,2
Rives McBee,3,3,3,3
Rob Boldt,1,1,1,1
Rob Bradley,1,1,1,1
Rob Grube,1,2,2,2
Rob Labritz,0,1,1,1
Rob McMillan,1,1,1,1
Rob Oppenheim,1,1,2,5
Rob Rashell,1,1,1,1
Rob Wilkin,1,1,1,1
Robbie Phillips,1,1,1,1
Robby Shelton,0,0,0,2
Robert Allenby,16,19,22,24
Robert Damron,13,16,16,16
Robert Dinwiddie,1,1,1,1
Robert Donald,1,1,1,1
Robert Floyd,2,2,2,2
Robert Gamez,21,24,25,25
Robert Garrigus,4,7,10,13
Robert Giles,1,1,1,1
Robert Hoyt,5,5,5,5
Robert Karlsson,8,11,13,13
Robert Lewis,3,3,3,3
Robert Rock,2,4,4,4
Robert Seligman,1,1,1,1
Robert Streb,0,0,3,6
Robert Sullivan,1,1,1,1
Robert Thompson,12,12,12,12
Robert Willis,1,1,1,1
Robert Wrenn,11,11,11,11
Robert-Jan Derksen,1,1,1,1
Roberto Castro,0,1,4,7
Roberto D√≠az,0,0,0,2
Robin Freeman,17,18,18,18
Rocco Mediate,24,27,27,27
Rocky Thompson,6,6,6,6
Rocky Walcher,4,4,4,4
Rod Curl,11,11,11,11
Rod Funseth,3,3,3,3
Rod Nuckolls,4,4,4,4
Rod Pampling,9,12,15,18
Rod Perry,2,2,3,3
Rodger Davis,7,7,7,7
Rodney Butcher,3,3,3,3
Rodolfo Cazaub√≥n,0,0,1,1
Roger Calvin,3,3,3,3
Roger Chapman,1,1,1,1
Roger Gunn,1,1,1,1
Roger Kennedy,1,1,1,1
Roger Klatt,1,1,1,1
Roger MacKay,1,1,1,1
Roger Maltbie,17,17,17,17
Roger Salazar,1,1,1,1
Roger Sloan,0,0,3,4
Roger Tambellini,2,3,3,3
Roger Wessels,3,3,3,3
Roland Thatcher,5,8,8,8
Romain Langasque,0,0,1,2
Romain Wattel,0,0,0,1
Ron Commans,4,4,4,4
Ron McDougal,2,2,2,2
Ron Milanovich,1,1,1,1
"Ron Philo, Jr.",1,1,1,1
Ron Streck,15,15,15,15
Ron Terry,2,2,2,2
Ron Whittaker,4,4,4,4
Ronan Rafferty,3,3,3,3
Ronnie Black,23,23,23,23
Ronnie McCann,1,1,1,1
Rory McIlroy,2,5,8,11
Rory Sabbatini,11,14,17,20
Ross Bain,1,1,1,1
Ross Drummond,1,1,1,1
Ross Fisher,2,5,7,10
Ross McGowan,1,2,2,2
Roy Biancalana,7,7,7,7
Russ Cochran,24,24,25,25
Russell Beiersdorf,2,2,2,2
Russell Claydon,1,1,1,1
Russell Henley,0,2,5,8
Russell Jenkines,1,1,1,1
Russell Knox,0,1,4,7
Rusty Brown,1,1,1,1
Rusty Clark,1,1,1,1
Ryan Armour,2,2,3,6
Ryan Benzel,1,1,1,1
Ryan Blaum,2,2,4,7
Ryan Brehm,1,1,1,3
Ryan Dillon,3,3,3,3
Ryan Evans,0,0,0,1
Ryan Fox,0,0,1,3
Ryan Hietala,1,1,1,1
Ryan Hogue,0,0,0,1
Ryan Howison,3,3,3,3
Ryan Moore,7,10,13,16
Ryan Palmer,6,9,12,15
Ryan Ruffels,0,0,0,2
Ryan Yip,0,0,0,1
Ryo Ishikawa,1,4,7,9
Ryoken Kawagishi,1,1,1,1
Ryuichi Oda,0,1,1,1
Ryuji Imada,6,9,11,11
Ryuko Tokimatsu,0,0,0,1
S.K. Ho,4,4,4,4
S√∏ren Kjeldsen,5,6,7,9
Sahith Theegala,0,0,0,1
Sale Omohundro,1,1,1,1
Sam Brazel,0,0,0,1
Sam Burns,0,0,0,2
Sam Horsfield,0,0,0,2
Sam Locke,0,0,0,1
Sam Randolph,17,17,17,17
Sam Ryder,0,0,0,2
Sam Saunders,0,2,5,8
Sam Torrance,9,9,9,9
Sammy Rachels,7,7,7,7
Sandy Lyle,27,27,29,29
Sanghyun Park,0,0,0,1
Sangmoon Bae,0,2,5,7
Santiago Luna,2,2,2,2
Satoshi Higashi,3,3,3,3
Satoshi Kodaira,0,0,2,4
Scott Arnold,0,0,1,1
Scott Bentley,1,1,1,1
Scott Bess,3,3,3,3
Scott Brown,0,1,4,7
Scott Drummond,2,2,2,2
Scott Dunlap,10,11,11,11
Scott Ford,1,1,1,1
Scott Gardiner,0,0,2,2
Scott Gordon,0,1,1,1
Scott Gump,15,15,15,15
Scott Gutschewski,4,5,6,6
Scott Harrington,1,1,2,2
Scott Hebert,1,1,1,1
Scott Hend,3,3,6,8
Scott Henderson,1,1,1,1
Scott Hoch,28,28,28,28
Scott Jamieson,0,0,1,1
Scott Langley,0,2,5,8
Scott Laycock,2,2,2,2
Scott Mahlberg,1,1,1,1
Scott McCarron,14,16,17,17
Scott Medlin,2,2,2,2
Scott Miller,1,1,1,1
Scott Parel,1,1,1,1
Scott Piercy,4,7,10,13
Scott Pinckney,0,0,2,3
Scott Simpson,25,25,25,25
Scott Stallings,0,2,5,8
Scott Steger,2,2,2,2
Scott Stegner,1,1,1,1
Scott Sterling,3,3,3,3
Scott Strange,1,1,1,1
Scott Taylor,1,1,1,1
Scott Trethewey,2,2,2,2
Scott Verplank,25,28,30,30
Scott Vincent,0,0,1,2
Scott Watkins,7,7,7,7
Scott Williams,1,1,1,1
Scottie Scheffler,0,0,1,3
Seamus Power,0,0,0,3
Sean Crocker,0,0,0,1
Sean Gorgone,1,1,1,1
Sean McCarty,1,1,1,2
Sean Murphy,11,11,11,11
Sean O'Hair,5,8,11,14
Sean Pacetti,1,1,1,1
Sean Whiffin,1,1,1,1
Sebasti√°n Mu√±oz,0,0,0,2
Seiichi Kanai,1,1,1,1
Seiji Ebihara,1,1,1,1
Seiki Okuda,2,2,2,2
Sepp Straka,0,0,0,1
Sergio Garcia,12,15,18,21
Seth Reeves,0,0,0,1
Seuk-hyun Baek,0,0,2,2
Seung-Yul Noh,0,3,6,8
Seunghyuk Kim,0,0,0,1
Seungsu Han,0,1,1,2
Seve Ballesteros,16,16,16,16
Shane Bertsch,6,9,11,12
Shane Lowry,1,1,4,7
Shannon Sykora,1,1,1,1
Shaun Micheel,13,16,16,17
Shaun Norris,0,0,0,2
Shawn Kelly,1,1,1,1
Shawn McEntee,2,2,2,2
Shawn Stefani,0,1,4,7
Shigeki Maruyama,14,15,15,15
Shingo Katayama,10,10,10,10
Shinichi Yokota,1,1,1,1
Shinsaku Maeda,1,1,1,1
Shintaro Ban,0,0,0,1
Shiv Kapur,1,1,3,3
Shubhankar Sharma,0,0,0,1
Shugo Imahira,0,0,0,1
Si Woo Kim,0,0,1,4
Siddikur Rahman,0,0,1,1
Sihwan Kim,0,0,0,1
Simon Burnell,1,1,1,1
Simon Cooke,1,1,1,1
Simon Dyson,3,6,6,6
Simon Khan,3,4,5,5
Simon Wakefield,2,2,2,2
Simon Yates,1,1,1,1
Skeeter Heath,5,5,5,5
Skip Dunaway,3,3,3,3
Skip Kendall,18,21,22,22
Slade Adams,1,1,1,1
Smylie Kaufman,0,0,1,4
Sonny Skinner,7,7,7,7
Soomin Lee,0,0,0,1
Soren Hansen,4,5,5,5
Spencer Levin,5,8,11,13
Spike McRoy,11,11,11,11
SSP Chawrasia,1,2,3,5
Stan Lee,1,1,1,1
Stan Stopa,1,1,1,1
Stan Utley,14,14,14,14
Stanton Altgelt,4,4,4,4
Steen Tinning,2,2,2,2
Stephan Jaeger,0,0,0,2
Stephane Talbot,1,1,1,1
Stephen Ames,14,17,19,19
Stephen Dodd,2,2,2,2
Stephen Gallacher,1,2,5,5
Stephen Gangluff,5,6,6,6
Stephen Keppler,2,2,2,2
Stephen Leaney,9,9,9,9
Stephen Poole,1,1,1,1
Stephen Sear,1,1,1,1
Steve Allan,9,11,11,12
Steve Anderson,1,1,1,1
Steve Benson,2,2,2,2
Steve Bowman,4,4,4,4
Steve Brady,2,2,2,2
Steve Brodie,2,2,2,2
Steve Collins,1,1,1,1
Steve Elkington,26,28,28,28
Steve Flesch,13,15,18,19
Steve Ford,1,1,1,1
Steve Friesen,1,1,1,1
Steve Gotsche,6,6,6,6
Steve Haase,1,1,1,1
Steve Hart,13,13,13,13
Steve Haskins,2,2,2,2
Steve Jones,22,22,22,22
Steve Jurgensen,5,5,5,5
Steve Lamontagne,6,6,6,6
Steve LeBrun,0,1,2,2
Steve Lewton,0,0,1,1
Steve Lowery,24,26,26,26
Steve Marino,4,7,10,13
Steve Melnyk,5,5,5,5
Steve Oppermann,1,1,1,1
Steve Pate,21,21,21,21
Steve Pope,1,1,1,1
Steve Ridge,1,1,1,1
Steve Rintoul,4,4,4,4
Steve Schneiter,2,2,2,2
Steve Scott,2,2,2,2
Steve Spray,1,1,1,1
Steve Stricker,19,22,25,28
Steve Thomas,5,5,5,5
Steve Webster,3,3,3,3
Steve Wheatcroft,2,4,7,10
Steven Alker,3,3,6,8
Steven Bottomley,1,1,1,1
Steven Bowditch,2,4,7,9
Steven Ihm,0,0,1,1
Steven Jeffress,0,0,1,1
Steven Liebler,4,4,4,4
Steven Richardson,3,3,3,3
Steven Summer,1,1,1,1
Steven Veriato,5,5,5,5
Steven Young,1,1,1,1
Stewart Cink,15,18,21,24
Stewart Ginn,2,2,2,2
Stewart Hagestad,0,0,0,1
Stewart Wheeler,1,1,1,1
Stu Ingraham,4,4,4,4
Stuart Appleby,14,17,20,23
Stuart Deane,2,2,2,2
Stuart Hendley,1,1,1,1
Stuart Reese,1,1,1,1
Stuart Smith,1,1,1,1
Stuart Wilson,1,1,1,1
Sung Joon Park,0,0,2,2
Sung Kang,0,2,3,6
Sungjae Im,0,0,0,1
Sven Struver,4,4,4,4
T.C. Chen,9,9,9,9
T.J. Vogel,0,0,0,1
T.M. Chen,3,3,3,3
Tad Rhyan,1,1,1,1
Tadahiro Takayama,1,2,2,2
Tadd Fujikawa,2,3,3,3
Tae Hee Lee,0,0,0,1
Tag Ridings,7,9,11,13
Taichi Teshima,1,1,1,1
Takao Nogami,1,1,1,1
Takashi Kamiyama,1,1,1,1
Talor Gooch,0,0,0,2
Tano Goya,1,1,2,2
Tatsuhiko Takahashi,1,1,1,1
Taylor Pendrith,0,0,1,1
Taylor Smith,5,5,5,5
Ted Goin,3,3,3,3
Ted Lehmann,1,1,1,1
"Ted Potter, Jr.",0,1,3,5
Ted Purdy,8,11,11,12
Ted Schulz,13,13,13,13
Ted Sliman,1,1,1,1
Ted Tryba,12,12,12,12
Terry Anton,2,2,2,2
Terry Diehl,5,5,5,5
Terry Dill,2,2,2,2
Terry Gale,1,1,1,1
Terry Hashimoto,1,1,1,1
Terry Mauney,3,3,3,3
Terry Snodgrass,2,2,2,2
Teruo Sugihara,1,1,1,1
Tetsuji Hiratsuka,2,3,3,3
Thaworn Wiratchant,1,1,2,2
Thomas Aiken,2,4,6,8
Thomas Birdsey,0,0,1,1
Thomas Bj√∏rn,11,13,16,16
Thomas Gray,4,4,4,4
Thomas Levet,9,9,9,9
Thomas Pieters,0,0,1,4
Thomas Sherreard,1,1,1,1
Thongchai Jaidee,8,9,12,14
Thorbj√∏rn Olesen,0,1,4,6
Tiger Woods,15,18,21,22
Tim Brauch,1,1,1,1
Tim Clark,9,12,15,16
Tim Conley,6,6,6,6
Tim Crockett,1,1,1,1
Tim Dunlavey,2,2,2,2
Tim Graham,3,3,3,3
Tim Herron,14,17,20,23
Tim Loustalot,4,4,4,4
Tim Norris,10,10,10,10
Tim Petrovic,11,14,17,17
Tim Simpson,19,19,19,19
Tim Straub,1,1,1,1
Tim Thelen,4,4,4,4
Tim Wilkinson,4,5,8,11
Tino Schuster,1,1,1,1
Tjaart van der Walt,4,4,4,4
Tobias Dier,1,1,1,1
Toby Tree,0,0,0,1
Todd Baek,0,0,1,1
Todd Barranger,5,5,5,5
Todd Demsey,5,5,5,5
Todd Doohan,1,1,1,1
Todd Fanning,1,1,1,1
Todd Fischer,7,8,8,8
Todd Gleaton,1,1,1,1
Todd Hamilton,9,12,13,13
Todd Rose,1,1,1,1
Todd Smith,2,2,2,2
Tohru Nakamura,1,1,1,1
Tom Byrum,25,27,27,27
Tom Carter,2,2,2,2
Tom Chain,2,2,2,2
Tom Cleaver,2,2,2,2
Tom Dolby,1,1,1,1
Tom Eubank,2,2,2,2
Tom Garner,5,5,5,5
Tom Gillis,7,10,13,14
Tom Gleeton,1,1,1,1
Tom Hearn,2,2,2,2
Tom Hoge,0,0,2,5
Tom Inskeep,1,1,1,1
Tom Jenkins,10,10,10,10
Tom Jennette,1,1,1,1
Tom Johnson,1,1,2,2
Tom Jones,4,4,4,4
Tom Kalinowski,1,1,1,1
Tom Kite,25,25,25,25
Tom Lamore,1,1,1,1
Tom Lehman,21,23,23,23
Tom Lewis,0,1,1,2
Tom Lovelady,0,0,0,2
Tom McGinnis,2,2,2,2
Tom McKnight,1,1,1,1
Tom Pernice Jr.,20,23,23,23
Tom Purtzer,23,23,23,23
Tom Scherrer,10,10,10,10
Tom Shaw,9,9,9,9
Tom Sieckmann,13,13,13,13
Tom Silva,1,1,1,1
Tom Sipula,1,1,1,1
Tom Storey,2,2,2,2
Tom Sullivan,1,1,1,1
Tom Wargo,2,2,2,2
Tom Watson,29,31,34,34
Tom Weiskopf,8,8,8,8
Tom Whitney,0,0,0,1
Tom Woodard,3,3,3,3
Tommy Aaron,10,10,10,10
Tommy Armour III,26,27,27,27
Tommy Aycock,3,3,3,3
Tommy Biershenk,0,1,1,1
Tommy Brannen,2,2,2,2
Tommy Fleetwood,0,0,3,5
Tommy Gainey,2,4,7,9
Tommy Moore,7,7,7,7
Tommy Nakajima,13,13,13,13
Tommy Tolles,9,9,9,9
Tommy Valentine,8,8,8,8
Tomohiro Maruyama,1,1,1,1
Tony Carolan,1,1,1,1
Tony Deluca,4,4,4,4
Tony Finau,1,1,3,6
Tony Grimes,5,5,5,5
Tony Hollifield,1,1,1,1
Tony Johnstone,5,5,5,5
Tony Mollica,2,2,2,2
Tony Saraceno,1,1,1,1
Tony Sills,15,15,15,15
Toru Nakamura,1,1,1,1
Toru Taniguchi,6,8,10,10
Toshi Izawa,4,4,4,4
Toshinori Muto,0,1,1,1
Travis Perkins,1,1,1,1
Tray Tyner,8,8,8,8
Trevor Dodds,18,18,18,18
Trevor Fisher Jr,0,0,1,1
Trevor Immelman,9,12,14,15
Trevor Murphy,1,1,1,1
Trey Mullinax,0,0,1,4
Trip Kuehne,2,2,2,2
Tripp Isenhour,6,6,6,6
Troy Kelly,1,3,5,5
Troy Matteson,5,8,10,11
Troy Merritt,0,2,4,7
Tsuyoshi Yoneyama,2,2,2,2
Ty Armstrong,2,2,2,2
Ty Tryon,3,4,4,4
Tyler Aldridge,1,1,2,4
Tyler Duncan,0,0,0,2
Tyler Light,0,0,0,1
Tyler McCumber,0,0,0,1
Tyler Swanson,1,1,1,1
Tyrone Van Aswegen,0,0,3,6
Tyrrell Hatton,0,0,1,4
Uly Grisette,1,1,1,1
Vance Heafner,13,13,13,13
Vance Veazey,6,7,7,7
Vaughn Taylor,6,9,12,15
Victor Ciesielski,1,1,1,1
Victor Dubuisson,0,0,2,3
Victor Regalado,8,8,8,8
Victor Schwamkrug,1,1,1,1
Victor Tortorici,1,1,1,1
Vijay Singh,18,21,24,27
Vince Winsnes,1,1,1,1
Waddy Stokes,2,2,2,2
Wade Ormsby,0,0,1,2
Wally Armstrong,5,5,5,5
Warren Abery,1,1,1,1
Warren Bennett,2,2,2,2
Warren Schutte,4,5,5,5
Wayne DeFrancesco,3,3,3,3
Wayne Grady,18,18,18,18
Wayne Levi,25,25,25,25
Wayne Riley,4,4,4,4
Wayne Westner,5,5,5,5
WC Liang,2,4,7,10
Webb Heintzelman,5,5,5,5
Webb Simpson,2,5,8,11
Wen-Tang Lin,1,1,1,1
Wenyi Huang,0,0,1,1
Wes Heffernan,0,1,1,1
Wes Homan,0,0,1,2
Wes Martin,1,1,1,1
Wes Roach,0,0,3,5
"Wes Short, Jr.",4,4,5,5
Wesley Bryan,0,0,0,3
Wesley McClain,0,0,0,1
Whee Kim,0,0,2,5
Wil Collins,1,1,1,1
Will Claxton,0,2,3,3
Will Grimmer,0,0,0,1
Will MacKenzie,5,8,11,13
Will Moore,1,1,1,1
Will Strickler,0,1,1,1
Will Wilcox,0,0,2,4
Will Zalatoris,0,0,0,1
William McGirt,0,2,5,8
Willie Wood,24,26,26,26
Wonjoon Lee,1,1,1,1
Woody Austin,15,18,21,21
Woody Blackburn,9,9,9,9
Woody Fitzhugh,3,3,3,3
Wren Lum,3,3,3,3
Wyndham Clark,0,0,0,2
Xander Schauffele,0,0,0,3
Xinjun Zhang,0,0,1,4
Y.E. Yang,5,8,11,12
Yanwei Liu,0,0,0,2
Yasuharu Imano,3,3,3,3
Yataka Hagawa,2,2,2,2
Yi Cao,0,0,1,2
Yi Keun Chang,0,0,0,1
Yoshinori Fujimoto,0,1,1,1
Yoshinori Kaneko,6,6,6,6
Yoshinori Mizumaki,8,8,8,8
Yoshitaka Takeya,0,0,1,1
Yosuke Tsukada,0,0,0,1
Young-han Song,0,0,0,2
Yu-Shu Hsieh,1,1,1,1
Yuji Igarashi,1,1,1,1
Yuki Inamori,0,0,0,1
Yusaku Miyazato,4,4,4,7
Yuta Ikeda,0,2,2,5
Zac Blair,0,0,2,5
Zach Johnson,7,10,13,16
Zach Wright,0,0,0,1
Zachary Olsen,0,0,1,1
Zack Fischer,0,0,1,1
Zack Miller,0,2,2,2
Zack Sucher,0,0,1,2
Zander Lombard,0,0,0,2
Zecheng Dou,0,0,2,5
Zoran Zorkic,1,1,1,1